uniprot_id,gene_id
A0A087WUL8,ENSG00000271383
A0A087WUL8,ENSG00000286185
A0A0C4DGP1,ENSG00000286075
A0A1B0GVP4,ENSG00000178177
A0AV02,ENSG00000221955
A0AV96,ENSG00000163694
A0AVF1,ENSG00000105948
A0AVI4,ENSG00000168936
A0AVT1,ENSG00000033178
A0FGR8,ENSG00000117868
A0JNW5,ENSG00000111647
A0MZ66,ENSG00000187164
A1A4S6,ENSG00000071205
A1A5C7,ENSG00000137266
A1KXE4,ENSG00000152102
A1KZ92,ENSG00000147485
A1L0T0,ENSG00000105135
A2RRP1,ENSG00000151779
A2RTX5,ENSG00000185418
A2RU54,ENSG00000188816
A2RUS2,ENSG00000105339
A2VDJ0,ENSG00000121210
A3KMH1,ENSG00000102763
A3KN83,ENSG00000139697
A4D1U4,ENSG00000257093
A5A3E0,ENSG00000196604
A5PL33,ENSG00000133619
A5YKK6,ENSG00000125107
A6NC98,ENSG00000168071
A6NDG6,ENSG00000184207
A6NDU8,ENSG00000205765
A6NFI3,ENSG00000205903
A6NHR9,ENSG00000101596
A6NHT5,ENSG00000188620
A6NHX0,ENSG00000274070
A6NJ78,ENSG00000169519
A6NKT7,ENSG00000153165
A6NNZ2,ENSG00000173213
A7E2V4,ENSG00000214655
A8K0Z3,ENSG00000181404
A8MPS7,ENSG00000161179
A8MW92,ENSG00000129292
A8MWY0,ENSG00000164659
A9UHW6,ENSG00000125457
B0I1T2,ENSG00000136286
B0YJ81,ENSG00000165996
B2RTY4,ENSG00000066933
B2RXH8,ENSG00000275774
B4DX44,ENSG00000234444
B5ME19,ENSG00000205609
C9JN71,ENSG00000257446
E9PAV3,ENSG00000196531
F8WCM5,ENSG00000129965
G9CGD6,ENSG00000288520
J3KNZ9,ENSG00000156860
O00116,ENSG00000018510
O00139,ENSG00000068796
O00148,ENSG00000123136
O00151,ENSG00000107438
O00154,ENSG00000097021
O00159,ENSG00000197879
O00160,ENSG00000142347
O00165,ENSG00000143575
O00170,ENSG00000110711
O00186,ENSG00000116266
O00189,ENSG00000221838
O00192,ENSG00000099889
O00203,ENSG00000132842
O00214,ENSG00000116977
O00217,ENSG00000110717
O00220,ENSG00000104689
O00221,ENSG00000146232
O00231,ENSG00000108671
O00232,ENSG00000197170
O00237,ENSG00000239305
O00255,ENSG00000133895
O00267,ENSG00000196235
O00273,ENSG00000160049
O00291,ENSG00000127946
O00299,ENSG00000213719
O00303,ENSG00000175390
O00308,ENSG00000198373
O00311,ENSG00000097046
O00329,ENSG00000171608
O00391,ENSG00000116260
O00398,ENSG00000078589
O00400,ENSG00000169359
O00401,ENSG00000106299
O00410,ENSG00000065150
O00411,ENSG00000099821
O00418,ENSG00000103319
O00422,ENSG00000150459
O00425,ENSG00000136231
O00429,ENSG00000087470
O00443,ENSG00000011405
O00462,ENSG00000109323
O00469,ENSG00000152952
O00471,ENSG00000070367
O00472,ENSG00000118985
O00478,ENSG00000111801
O00483,ENSG00000189043
O00487,ENSG00000115233
O00488,ENSG00000142684
O00505,ENSG00000102753
O00506,ENSG00000115694
O00507,ENSG00000114374
O00541,ENSG00000100029
O00560,ENSG00000137575
O00566,ENSG00000124383
O00567,ENSG00000101361
O00571,ENSG00000215301
O00587,ENSG00000100060
O00626,ENSG00000102962
O00635,ENSG00000112343
O00743,ENSG00000119414
O00748,ENSG00000172831
O00750,ENSG00000133056
O00754,ENSG00000104774
O00762,ENSG00000175063
O00763,ENSG00000076555
O00764,ENSG00000160209
O00767,ENSG00000099194
O14492,ENSG00000160999
O14494,ENSG00000067113
O14497,ENSG00000117713
O14503,ENSG00000134107
O14521,ENSG00000204370
O14544,ENSG00000170677
O14545,ENSG00000135148
O14548,ENSG00000115944
O14561,ENSG00000004779
O14578,ENSG00000122966
O14579,ENSG00000105669
O14617,ENSG00000065000
O14641,ENSG00000004975
O14646,ENSG00000153922
O14647,ENSG00000173575
O14656,ENSG00000136827
O14662,ENSG00000124222
O14672,ENSG00000137845
O14686,ENSG00000167548
O14715,ENSG00000169629
O14727,ENSG00000120868
O14730,ENSG00000101782
O14733,ENSG00000076984
O14744,ENSG00000100462
O14745,ENSG00000109062
O14757,ENSG00000149554
O14772,ENSG00000254685
O14773,ENSG00000166340
O14776,ENSG00000113649
O14777,ENSG00000080986
O14787,ENSG00000105576
O14791,ENSG00000100342
O14802,ENSG00000148606
O14818,ENSG00000101182
O14828,ENSG00000116521
O14879,ENSG00000119917
O14896,ENSG00000117595
O14908,ENSG00000123159
O14929,ENSG00000128708
O14931,ENSG00000204475
O14936,ENSG00000147044
O14939,ENSG00000129219
O14949,ENSG00000164405
O14964,ENSG00000185359
O14965,ENSG00000087586
O14972,ENSG00000157538
O14974,ENSG00000058272
O14975,ENSG00000140284
O14976,ENSG00000178950
O14977,ENSG00000155096
O14979,ENSG00000152795
O14980,ENSG00000082898
O14981,ENSG00000095564
O14986,ENSG00000107242
O15014,ENSG00000180357
O15020,ENSG00000173898
O15021,ENSG00000069020
O15027,ENSG00000148396
O15031,ENSG00000196576
O15033,ENSG00000119682
O15042,ENSG00000163714
O15050,ENSG00000168016
O15055,ENSG00000132326
O15056,ENSG00000078269
O15060,ENSG00000166860
O15062,ENSG00000168795
O15063,ENSG00000166398
O15066,ENSG00000101350
O15067,ENSG00000178921
O15069,ENSG00000136274
O15078,ENSG00000198707
O15083,ENSG00000187672
O15111,ENSG00000213341
O15118,ENSG00000141458
O15119,ENSG00000135111
O15121,ENSG00000143753
O15131,ENSG00000196911
O15144,ENSG00000163466
O15145,ENSG00000111229
O15160,ENSG00000171453
O15164,ENSG00000122779
O15169,ENSG00000103126
O15173,ENSG00000164040
O15211,ENSG00000237441
O15212,ENSG00000204220
O15213,ENSG00000227057
O15217,ENSG00000170899
O15228,ENSG00000116906
O15234,ENSG00000108349
O15254,ENSG00000087008
O15258,ENSG00000157916
O15259,ENSG00000144061
O15269,ENSG00000090054
O15287,ENSG00000221829
O15294,ENSG00000147162
O15297,ENSG00000170836
O15305,ENSG00000140650
O15321,ENSG00000100926
O15327,ENSG00000109452
O15357,ENSG00000165458
O15360,ENSG00000187741
O15371,ENSG00000100353
O15372,ENSG00000147677
O15381,ENSG00000143748
O15392,ENSG00000089685
O15397,ENSG00000133704
O15417,ENSG00000182095
O15427,ENSG00000141526
O15438,ENSG00000108846
O15439,ENSG00000125257
O15440,ENSG00000114770
O15479,ENSG00000099399
O15503,ENSG00000186480
O15519,ENSG00000003402
O15530,ENSG00000140992
O15533,ENSG00000231925
O15550,ENSG00000147050
O15554,ENSG00000104783
O43143,ENSG00000109606
O43147,ENSG00000141258
O43148,ENSG00000101654
O43150,ENSG00000151693
O43156,ENSG00000101407
O43159,ENSG00000132275
O43164,ENSG00000198961
O43166,ENSG00000197555
O43181,ENSG00000164258
O43187,ENSG00000134070
O43242,ENSG00000108344
O43252,ENSG00000138801
O43264,ENSG00000086827
O43290,ENSG00000175467
O43292,ENSG00000197858
O43293,ENSG00000167657
O43296,ENSG00000083844
O43298,ENSG00000169155
O43299,ENSG00000242802
O43303,ENSG00000103540
O43306,ENSG00000174233
O43307,ENSG00000131089
O43314,ENSG00000145725
O43325,ENSG00000102897
O43353,ENSG00000104312
O43379,ENSG00000075702
O43390,ENSG00000125944
O43395,ENSG00000117360
O43396,ENSG00000091164
O43399,ENSG00000101150
O43405,ENSG00000100473
O43414,ENSG00000117419
O43422,ENSG00000137492
O43426,ENSG00000159082
O43427,ENSG00000172500
O43432,ENSG00000075151
O43463,ENSG00000101945
O43491,ENSG00000079819
O43502,ENSG00000108384
O43504,ENSG00000134248
O43529,ENSG00000115526
O43556,ENSG00000127990
O43557,ENSG00000125735
O43566,ENSG00000169220
O43567,ENSG00000082996
O43592,ENSG00000184575
O43617,ENSG00000054116
O43633,ENSG00000130724
O43639,ENSG00000071051
O43660,ENSG00000171566
O43663,ENSG00000198901
O43674,ENSG00000136521
O43676,ENSG00000119013
O43678,ENSG00000131495
O43681,ENSG00000198356
O43683,ENSG00000169679
O43684,ENSG00000154473
O43707,ENSG00000130402
O43709,ENSG00000071462
O43731,ENSG00000100196
O43736,ENSG00000078596
O43739,ENSG00000008256
O43747,ENSG00000166747
O43752,ENSG00000135823
O43760,ENSG00000108639
O43776,ENSG00000134440
O43791,ENSG00000121067
O43795,ENSG00000128641
O43805,ENSG00000176101
O43808,ENSG00000100372
O43813,ENSG00000115365
O43837,ENSG00000101365
O43847,ENSG00000078618
O43861,ENSG00000166377
O43865,ENSG00000168710
O43889,ENSG00000107175
O43913,ENSG00000164815
O43929,ENSG00000115947
O43933,ENSG00000127980
O60216,ENSG00000164754
O60229,ENSG00000160145
O60231,ENSG00000204560
O60237,ENSG00000077157
O60244,ENSG00000180182
O60256,ENSG00000141127
O60264,ENSG00000153147
O60266,ENSG00000138031
O60271,ENSG00000008294
O60281,ENSG00000188994
O60287,ENSG00000142207
O60291,ENSG00000102858
O60292,ENSG00000105738
O60293,ENSG00000133858
O60296,ENSG00000115993
O60306,ENSG00000021776
O60307,ENSG00000099308
O60308,ENSG00000116198
O60312,ENSG00000206190
O60313,ENSG00000198836
O60318,ENSG00000160294
O60330,ENSG00000253159
O60331,ENSG00000186111
O60333,ENSG00000054523
O60336,ENSG00000137802
O60337,ENSG00000145495
O60341,ENSG00000004487
O60343,ENSG00000136111
O60346,ENSG00000081913
O60353,ENSG00000164930
O60381,ENSG00000105856
O60427,ENSG00000149485
O60443,ENSG00000105928
O60449,ENSG00000054219
O60449,ENSG00000248672
O60476,ENSG00000198162
O60478,ENSG00000077585
O60486,ENSG00000136040
O60488,ENSG00000068366
O60502,ENSG00000198408
O60506,ENSG00000135316
O60518,ENSG00000137040
O60524,ENSG00000165525
O60563,ENSG00000129315
O60566,ENSG00000156970
O60573,ENSG00000135930
O60610,ENSG00000131504
O60613,ENSG00000183291
O60645,ENSG00000180104
O60658,ENSG00000073417
O60664,ENSG00000105355
O60667,ENSG00000162894
O60669,ENSG00000118596
O60671,ENSG00000113456
O60673,ENSG00000009413
O60674,ENSG00000096968
O60684,ENSG00000025800
O60701,ENSG00000109814
O60711,ENSG00000110031
O60716,ENSG00000198561
O60725,ENSG00000116237
O60749,ENSG00000205302
O60763,ENSG00000138768
O60784,ENSG00000100284
O60812,ENSG00000179172
O60814,ENSG00000197903
O60826,ENSG00000101997
O60828,ENSG00000102103
O60831,ENSG00000243279
O60832,ENSG00000130826
O60841,ENSG00000158417
O60861,ENSG00000007237
O60869,ENSG00000107223
O60879,ENSG00000147202
O60885,ENSG00000141867
O60888,ENSG00000112514
O60906,ENSG00000135587
O60942,ENSG00000111880
O75037,ENSG00000116852
O75044,ENSG00000266028
O75051,ENSG00000076356
O75054,ENSG00000143061
O75064,ENSG00000198837
O75072,ENSG00000106692
O75083,ENSG00000071127
O75116,ENSG00000134318
O75122,ENSG00000163539
O75140,ENSG00000100150
O75143,ENSG00000175224
O75144,ENSG00000160223
O75146,ENSG00000130787
O75147,ENSG00000124006
O75150,ENSG00000103549
O75151,ENSG00000197724
O75153,ENSG00000132361
O75161,ENSG00000131697
O75164,ENSG00000066135
O75165,ENSG00000138246
O75175,ENSG00000088038
O75177,ENSG00000184402
O75179,ENSG00000132466
O75182,ENSG00000127511
O75190,ENSG00000105993
O75191,ENSG00000093217
O75223,ENSG00000006625
O75251,ENSG00000115286
O75298,ENSG00000125744
O75306,ENSG00000158864
O75312,ENSG00000109917
O75326,ENSG00000138623
O75330,ENSG00000072571
O75348,ENSG00000136888
O75351,ENSG00000119541
O75354,ENSG00000197586
O75362,ENSG00000171940
O75367,ENSG00000113648
O75369,ENSG00000136068
O75376,ENSG00000141027
O75385,ENSG00000177169
O75394,ENSG00000243147
O75396,ENSG00000265808
O75400,ENSG00000196504
O75410,ENSG00000147526
O75417,ENSG00000051341
O75419,ENSG00000093009
O75439,ENSG00000105819
O75448,ENSG00000008838
O75460,ENSG00000178607
O75477,ENSG00000107566
O75487,ENSG00000076716
O75489,ENSG00000213619
O75496,ENSG00000112312
O75530,ENSG00000074266
O75533,ENSG00000115524
O75534,ENSG00000009307
O75563,ENSG00000005020
O75564,ENSG00000234616
O75592,ENSG00000005810
O75643,ENSG00000144028
O75663,ENSG00000143155
O75665,ENSG00000046651
O75691,ENSG00000120800
O75694,ENSG00000113569
O75695,ENSG00000102218
O75717,ENSG00000198554
O75787,ENSG00000182220
O75792,ENSG00000104889
O75794,ENSG00000151465
O75808,ENSG00000103326
O75821,ENSG00000130811
O75822,ENSG00000104131
O75843,ENSG00000213983
O75845,ENSG00000109929
O75865,ENSG00000007255
O75879,ENSG00000059691
O75882,ENSG00000088812
O75886,ENSG00000115145
O75891,ENSG00000144908
O75909,ENSG00000090061
O75916,ENSG00000108370
O75925,ENSG00000033800
O75935,ENSG00000137100
O75940,ENSG00000119953
O75955,ENSG00000137312
O75962,ENSG00000038382
O75964,ENSG00000167283
O75970,ENSG00000107186
O75976,ENSG00000108582
O76003,ENSG00000108010
O76021,ENSG00000171490
O76031,ENSG00000166855
O76036,ENSG00000189430
O76062,ENSG00000149809
O76071,ENSG00000144021
O76094,ENSG00000174780
O94759,ENSG00000142185
O94768,ENSG00000081320
O94776,ENSG00000149480
O94782,ENSG00000162607
O94804,ENSG00000072786
O94806,ENSG00000115825
O94808,ENSG00000131459
O94822,ENSG00000198862
O94826,ENSG00000154174
O94829,ENSG00000117408
O94830,ENSG00000085788
O94832,ENSG00000176658
O94842,ENSG00000092203
O94855,ENSG00000150961
O94864,ENSG00000119760
O94868,ENSG00000137478
O94874,ENSG00000014123
O94887,ENSG00000006607
O94888,ENSG00000163960
O94889,ENSG00000114648
O94898,ENSG00000198799
O94905,ENSG00000147475
O94906,ENSG00000101161
O94913,ENSG00000165494
O94915,ENSG00000075539
O94916,ENSG00000102908
O94919,ENSG00000149218
O94925,ENSG00000115419
O94927,ENSG00000249115
O94952,ENSG00000135108
O94953,ENSG00000127663
O94955,ENSG00000164292
O94964,ENSG00000149639
O94966,ENSG00000172046
O94967,ENSG00000085433
O94972,ENSG00000108395
O94973,ENSG00000183020
O94979,ENSG00000138674
O94985,ENSG00000171603
O94986,ENSG00000103995
O94992,ENSG00000186834
O95067,ENSG00000157456
O95070,ENSG00000174851
O95071,ENSG00000104517
O95072,ENSG00000100918
O95081,ENSG00000106351
O95104,ENSG00000156304
O95140,ENSG00000116688
O95155,ENSG00000130939
O95159,ENSG00000162300
O95163,ENSG00000070061
O95166,ENSG00000170296
O95167,ENSG00000170906
O95168,ENSG00000065518
O95198,ENSG00000109466
O95199,ENSG00000136161
O95214,ENSG00000104660
O95219,ENSG00000114520
O95229,ENSG00000122952
O95235,ENSG00000112984
O95236,ENSG00000128284
O95239,ENSG00000090889
O95243,ENSG00000129071
O95248,ENSG00000100241
O95255,ENSG00000091262
O95260,ENSG00000107669
O95271,ENSG00000173273
O95273,ENSG00000166946
O95295,ENSG00000143553
O95298,ENSG00000151366
O95299,ENSG00000130414
O95319,ENSG00000048740
O95347,ENSG00000136824
O95359,ENSG00000138162
O95361,ENSG00000221926
O95365,ENSG00000178951
O95373,ENSG00000205339
O95379,ENSG00000145779
O95382,ENSG00000142733
O95391,ENSG00000164609
O95402,ENSG00000105085
O95405,ENSG00000157077
O95425,ENSG00000197321
O95427,ENSG00000197563
O95433,ENSG00000100591
O95450,ENSG00000087116
O95453,ENSG00000140694
O95466,ENSG00000184922
O95470,ENSG00000166224
O95476,ENSG00000175826
O95477,ENSG00000165029
O95478,ENSG00000164346
O95486,ENSG00000113615
O95490,ENSG00000117114
O95503,ENSG00000183741
O95562,ENSG00000213064
O95563,ENSG00000143158
O95573,ENSG00000123983
O95602,ENSG00000068654
O95613,ENSG00000160299
O95620,ENSG00000105865
O95625,ENSG00000066422
O95628,ENSG00000080802
O95630,ENSG00000124356
O95644,ENSG00000131196
O95671,ENSG00000169093
O95707,ENSG00000105171
O95714,ENSG00000128731
O95721,ENSG00000099940
O95757,ENSG00000164070
O95758,ENSG00000119314
O95759,ENSG00000204634
O95782,ENSG00000196961
O95786,ENSG00000107201
O95789,ENSG00000163867
O95793,ENSG00000124214
O95801,ENSG00000243725
O95807,ENSG00000183726
O95816,ENSG00000112208
O95817,ENSG00000151929
O95819,ENSG00000071054
O95825,ENSG00000205758
O95831,ENSG00000156709
O95833,ENSG00000169583
O95834,ENSG00000125746
O95835,ENSG00000131023
O95837,ENSG00000156049
O95848,ENSG00000183828
O95861,ENSG00000162813
O95864,ENSG00000134824
O95870,ENSG00000204427
O95905,ENSG00000122882
O95977,ENSG00000125910
O95983,ENSG00000071655
O95985,ENSG00000100038
O96005,ENSG00000104853
O96006,ENSG00000214717
O96009,ENSG00000131400
O96018,ENSG00000011132
O96019,ENSG00000136518
O96020,ENSG00000175305
O96028,ENSG00000109685
P00156,ENSG00000198727
P00338,ENSG00000134333
P00367,ENSG00000148672
P00387,ENSG00000100243
P00395,ENSG00000198804
P00403,ENSG00000198712
P00451,ENSG00000185010
P00491,ENSG00000198805
P00533,ENSG00000146648
P00558,ENSG00000102144
P00751,ENSG00000243649
P00813,ENSG00000196839
P00973,ENSG00000089127
P01019,ENSG00000135744
P01024,ENSG00000125730
P01031,ENSG00000106804
P01042,ENSG00000113889
P01106,ENSG00000136997
P01137,ENSG00000105329
P01215,ENSG00000135346
P01374,ENSG00000226979
P01591,ENSG00000132465
P01859,ENSG00000211893
P01889,ENSG00000234745
P01903,ENSG00000204287
P01906,ENSG00000237541
P01909,ENSG00000196735
P01911,ENSG00000196126
P02545,ENSG00000160789
P02671,ENSG00000171560
P02751,ENSG00000115414
P02768,ENSG00000163631
P02786,ENSG00000072274
P02792,ENSG00000087086
P03891,ENSG00000198763
P03923,ENSG00000198695
P04035,ENSG00000113161
P04040,ENSG00000121691
P04049,ENSG00000132155
P04062,ENSG00000177628
P04075,ENSG00000149925
P04083,ENSG00000135046
P04114,ENSG00000084674
P04150,ENSG00000113580
P04156,ENSG00000171867
P04179,ENSG00000291237
P04233,ENSG00000019582
P04264,ENSG00000167768
P04406,ENSG00000111640
P04424,ENSG00000126522
P04439,ENSG00000206503
P04440,ENSG00000223865
P04626,ENSG00000141736
P04632,ENSG00000126247
P04637,ENSG00000141510
P04792,ENSG00000106211
P04818,ENSG00000176890
P04843,ENSG00000163902
P04844,ENSG00000118705
P04899,ENSG00000114353
P04908,ENSG00000277075
P04908,ENSG00000278463
P05023,ENSG00000163399
P05067,ENSG00000142192
P05120,ENSG00000197632
P05141,ENSG00000005022
P05161,ENSG00000187608
P05164,ENSG00000005381
P05165,ENSG00000175198
P05166,ENSG00000114054
P05198,ENSG00000134001
P05362,ENSG00000090339
P05387,ENSG00000177600
P05388,ENSG00000089157
P05412,ENSG00000177606
P05496,ENSG00000159199
P05556,ENSG00000150093
P05771,ENSG00000166501
P05783,ENSG00000111057
P05787,ENSG00000170421
P06213,ENSG00000171105
P06276,ENSG00000114200
P06340,ENSG00000204252
P06396,ENSG00000148180
P06400,ENSG00000139687
P06493,ENSG00000170312
P06576,ENSG00000110955
P06702,ENSG00000163220
P06733,ENSG00000074800
P06737,ENSG00000100504
P06744,ENSG00000105220
P06746,ENSG00000070501
P06748,ENSG00000181163
P06753,ENSG00000143549
P06756,ENSG00000138448
P06865,ENSG00000213614
P07195,ENSG00000111716
P07203,ENSG00000233276
P07339,ENSG00000117984
P07355,ENSG00000182718
P07602,ENSG00000197746
P07686,ENSG00000049860
P07737,ENSG00000108518
P07814,ENSG00000136628
P07900,ENSG00000080824
P07910,ENSG00000092199
P07947,ENSG00000176105
P07948,ENSG00000254087
P07954,ENSG00000091483
P07992,ENSG00000012061
P07996,ENSG00000137801
P08047,ENSG00000185591
P08133,ENSG00000197043
P08174,ENSG00000196352
P08183,ENSG00000085563
P08195,ENSG00000168003
P08236,ENSG00000169919
P08237,ENSG00000152556
P08238,ENSG00000096384
P08240,ENSG00000182934
P08243,ENSG00000070669
P08246,ENSG00000197561
P08311,ENSG00000100448
P08559,ENSG00000131828
P08567,ENSG00000115956
P08574,ENSG00000179091
P08575,ENSG00000081237
P08579,ENSG00000125870
P08581,ENSG00000105976
P08582,ENSG00000163975
P08621,ENSG00000104852
P08631,ENSG00000101336
P08651,ENSG00000141905
P08670,ENSG00000026025
P08708,ENSG00000182774
P08729,ENSG00000135480
P08754,ENSG00000065135
P08758,ENSG00000164111
P08779,ENSG00000186832
P08865,ENSG00000168028
P08910,ENSG00000140526
P08F94,ENSG00000170927
P09001,ENSG00000114686
P09017,ENSG00000198353
P09211,ENSG00000084207
P09234,ENSG00000124562
P09237,ENSG00000137673
P09382,ENSG00000100097
P09488,ENSG00000134184
P09496,ENSG00000122705
P09525,ENSG00000196975
P09543,ENSG00000173786
P09601,ENSG00000100292
P09651,ENSG00000135486
P09668,ENSG00000103811
P09669,ENSG00000164919
P09874,ENSG00000143799
P09884,ENSG00000101868
P09912,ENSG00000126709
P09913,ENSG00000119922
P09914,ENSG00000185745
P09917,ENSG00000012779
P09958,ENSG00000140564
P09960,ENSG00000111144
P0C0L4,ENSG00000244731
P0C870,ENSG00000243789
P0CG12,ENSG00000286140
P0CG47,ENSG00000170315
P0CJ78,ENSG00000261221
P0DJD1,ENSG00000185304
P0DMV8,ENSG00000204388
P0DMV8,ENSG00000204389
P0DP23,ENSG00000143933
P0DP23,ENSG00000160014
P0DP23,ENSG00000198668
P0DPH7,ENSG00000075886
P0DPH7,ENSG00000198033
P0DPK2,ENSG00000269466
P10176,ENSG00000176340
P10242,ENSG00000118513
P10253,ENSG00000171298
P10321,ENSG00000204525
P10398,ENSG00000078061
P10589,ENSG00000175745
P10620,ENSG00000008394
P10644,ENSG00000108946
P10746,ENSG00000188690
P10809,ENSG00000144381
P11021,ENSG00000044574
P11047,ENSG00000135862
P11049,ENSG00000104894
P11142,ENSG00000109971
P11166,ENSG00000117394
P11171,ENSG00000159023
P11216,ENSG00000100994
P11230,ENSG00000170175
P11274,ENSG00000186716
P11279,ENSG00000185896
P11308,ENSG00000157554
P11309,ENSG00000137193
P11310,ENSG00000117054
P11387,ENSG00000198900
P11388,ENSG00000131747
P11413,ENSG00000160211
P11498,ENSG00000173599
P11511,ENSG00000137869
P11532,ENSG00000198947
P11586,ENSG00000100714
P11717,ENSG00000197081
P11766,ENSG00000197894
P11802,ENSG00000135446
P11831,ENSG00000112658
P11836,ENSG00000156738
P11926,ENSG00000115758
P11940,ENSG00000070756
P12004,ENSG00000132646
P12036,ENSG00000100285
P12074,ENSG00000111775
P12081,ENSG00000170445
P12109,ENSG00000142156
P12110,ENSG00000142173
P12111,ENSG00000163359
P12235,ENSG00000151729
P12236,ENSG00000169100
P12270,ENSG00000047410
P12814,ENSG00000072110
P12956,ENSG00000196419
P13010,ENSG00000079246
P13051,ENSG00000076248
P13056,ENSG00000120798
P13073,ENSG00000131143
P13196,ENSG00000023330
P13284,ENSG00000216490
P13489,ENSG00000023191
P13498,ENSG00000051523
P13598,ENSG00000108622
P13611,ENSG00000038427
P13612,ENSG00000115232
P13639,ENSG00000167658
P13645,ENSG00000186395
P13647,ENSG00000186081
P13667,ENSG00000155660
P13674,ENSG00000122884
P13747,ENSG00000204592
P13796,ENSG00000136167
P13797,ENSG00000102024
P13798,ENSG00000164062
P13804,ENSG00000140374
P13807,ENSG00000104812
P13995,ENSG00000065911
P14314,ENSG00000130175
P14317,ENSG00000180353
P14324,ENSG00000160752
P14373,ENSG00000204713
P14543,ENSG00000116962
P14550,ENSG00000117448
P14618,ENSG00000067225
P14625,ENSG00000166598
P14635,ENSG00000134057
P14678,ENSG00000125835
P14735,ENSG00000119912
P14866,ENSG00000104824
P14868,ENSG00000115866
P14921,ENSG00000134954
P14923,ENSG00000173801
P15104,ENSG00000135821
P15170,ENSG00000103342
P15289,ENSG00000100299
P15311,ENSG00000092820
P15328,ENSG00000110195
P15374,ENSG00000118939
P15498,ENSG00000141968
P15559,ENSG00000181019
P15621,ENSG00000197857
P15822,ENSG00000095951
P15880,ENSG00000140988
P15884,ENSG00000196628
P15923,ENSG00000071564
P15924,ENSG00000096696
P15927,ENSG00000117748
P15954,ENSG00000127184
P16104,ENSG00000188486
P16278,ENSG00000170266
P16333,ENSG00000158092
P16435,ENSG00000127948
P16591,ENSG00000151422
P16615,ENSG00000174437
P16885,ENSG00000197943
P16930,ENSG00000103876
P16949,ENSG00000117632
P17019,ENSG00000182141
P17026,ENSG00000165512
P17036,ENSG00000166526
P17038,ENSG00000198521
P17050,ENSG00000198951
P17066,ENSG00000173110
P17181,ENSG00000142166
P17275,ENSG00000171223
P17480,ENSG00000108312
P17612,ENSG00000072062
P17655,ENSG00000162909
P17813,ENSG00000106991
P17844,ENSG00000108654
P17858,ENSG00000141959
P17927,ENSG00000203710
P17980,ENSG00000165916
P17987,ENSG00000120438
P18031,ENSG00000196396
P18074,ENSG00000104884
P18077,ENSG00000182899
P18124,ENSG00000147604
P18206,ENSG00000035403
P18583,ENSG00000159140
P18621,ENSG00000215472
P18621,ENSG00000265681
P18754,ENSG00000180198
P18848,ENSG00000128272
P18850,ENSG00000118217
P18858,ENSG00000105486
P18887,ENSG00000073050
P19021,ENSG00000145730
P19086,ENSG00000128266
P19105,ENSG00000101608
P19174,ENSG00000124181
P19338,ENSG00000115053
P19367,ENSG00000156515
P19440,ENSG00000100031
P19525,ENSG00000055332
P19532,ENSG00000068323
P19544,ENSG00000184937
P19634,ENSG00000090020
P19784,ENSG00000070770
P19793,ENSG00000186350
P19823,ENSG00000151655
P19878,ENSG00000116701
P19971,ENSG00000025708
P20023,ENSG00000117322
P20036,ENSG00000231389
P20073,ENSG00000138279
P20226,ENSG00000112592
P20248,ENSG00000145386
P20273,ENSG00000012124
P20290,ENSG00000145741
P20333,ENSG00000028137
P20393,ENSG00000126368
P20591,ENSG00000157601
P20592,ENSG00000183486
P20618,ENSG00000008018
P20645,ENSG00000003056
P20674,ENSG00000178741
P20700,ENSG00000113368
P20701,ENSG00000005844
P20702,ENSG00000140678
P20749,ENSG00000069399
P20839,ENSG00000106348
P20929,ENSG00000183091
P20936,ENSG00000145715
P21281,ENSG00000147416
P21283,ENSG00000155097
P21333,ENSG00000196924
P21359,ENSG00000196712
P21399,ENSG00000122729
P21675,ENSG00000147133
P21796,ENSG00000213585
P22059,ENSG00000110048
P22061,ENSG00000120265
P22087,ENSG00000105202
P22090,ENSG00000129824
P22102,ENSG00000159131
P22234,ENSG00000128050
P22314,ENSG00000130985
P22392,ENSG00000011052
P22392,ENSG00000243678
P22570,ENSG00000161513
P22626,ENSG00000122566
P22670,ENSG00000132005
P22681,ENSG00000110395
P22695,ENSG00000140740
P22736,ENSG00000123358
P23193,ENSG00000187735
P23246,ENSG00000116560
P23258,ENSG00000131462
P23381,ENSG00000140105
P23396,ENSG00000149273
P23458,ENSG00000162434
P23470,ENSG00000144724
P23508,ENSG00000171444
P23526,ENSG00000101444
P23528,ENSG00000172757
P23610,ENSG00000277150
P23610,ENSG00000288709
P23610,ENSG00000288722
P23634,ENSG00000058668
P23763,ENSG00000139190
P23921,ENSG00000167325
P24001,ENSG00000008517
P24278,ENSG00000089775
P24390,ENSG00000105438
P24394,ENSG00000077238
P24522,ENSG00000116717
P24539,ENSG00000116459
P24821,ENSG00000041982
P24863,ENSG00000112237
P24864,ENSG00000105173
P24941,ENSG00000123374
P25054,ENSG00000134982
P25098,ENSG00000173020
P25205,ENSG00000112118
P25391,ENSG00000101680
P25398,ENSG00000112306
P25440,ENSG00000204256
P25445,ENSG00000026103
P25685,ENSG00000132002
P25705,ENSG00000152234
P25787,ENSG00000106588
P25787,ENSG00000256646
P25788,ENSG00000100567
P25789,ENSG00000041357
P26006,ENSG00000005884
P26010,ENSG00000139626
P26012,ENSG00000105855
P26038,ENSG00000147065
P26196,ENSG00000110367
P26232,ENSG00000066032
P26358,ENSG00000130816
P26368,ENSG00000063244
P26373,ENSG00000167526
P26599,ENSG00000011304
P26639,ENSG00000113407
P26640,ENSG00000204394
P26641,ENSG00000254772
P27105,ENSG00000148175
P27144,ENSG00000162433
P27348,ENSG00000134308
P27448,ENSG00000075413
P27469,ENSG00000123689
P27540,ENSG00000143437
P27635,ENSG00000147403
P27694,ENSG00000132383
P27695,ENSG00000100823
P27707,ENSG00000156136
P27708,ENSG00000084774
P27797,ENSG00000179218
P27816,ENSG00000047849
P27824,ENSG00000127022
P27986,ENSG00000145675
P28062,ENSG00000204264
P28065,ENSG00000240065
P28066,ENSG00000143106
P28067,ENSG00000204257
P28070,ENSG00000159377
P28072,ENSG00000142507
P28074,ENSG00000100804
P28288,ENSG00000117528
P28289,ENSG00000136842
P28290,ENSG00000138434
P28331,ENSG00000023228
P28340,ENSG00000062822
P28360,ENSG00000163132
P28370,ENSG00000102038
P28482,ENSG00000100030
P28562,ENSG00000120129
P28715,ENSG00000134899
P28749,ENSG00000080839
P28838,ENSG00000002549
P29083,ENSG00000153767
P29350,ENSG00000111679
P29353,ENSG00000160691
P29374,ENSG00000032219
P29375,ENSG00000073614
P29401,ENSG00000163931
P29466,ENSG00000137752
P29590,ENSG00000140464
P29597,ENSG00000105397
P29692,ENSG00000104529
P29728,ENSG00000111335
P30040,ENSG00000089248
P30044,ENSG00000126432
P30049,ENSG00000099624
P30050,ENSG00000197958
P30101,ENSG00000167004
P30153,ENSG00000105568
P30154,ENSG00000137713
P30260,ENSG00000004897
P30279,ENSG00000118971
P30304,ENSG00000164045
P30305,ENSG00000101224
P30511,ENSG00000204642
P30520,ENSG00000035687
P30530,ENSG00000167601
P30533,ENSG00000163956
P30559,ENSG00000180914
P30566,ENSG00000239900
P30622,ENSG00000130779
P30679,ENSG00000060558
P30793,ENSG00000131979
P30825,ENSG00000139514
P30837,ENSG00000137124
P30876,ENSG00000047315
P31040,ENSG00000073578
P31150,ENSG00000203879
P31321,ENSG00000188191
P31323,ENSG00000005249
P31327,ENSG00000021826
P31350,ENSG00000171848
P31483,ENSG00000116001
P31629,ENSG00000010818
P31689,ENSG00000086061
P31785,ENSG00000147168
P31939,ENSG00000138363
P31941,ENSG00000128383
P31943,ENSG00000169045
P31948,ENSG00000168439
P31949,ENSG00000163191
P32019,ENSG00000204084
P32189,ENSG00000198814
P32248,ENSG00000126353
P32249,ENSG00000169508
P32322,ENSG00000183010
P32455,ENSG00000117228
P32456,ENSG00000162645
P32519,ENSG00000120690
P32969,ENSG00000163682
P32970,ENSG00000125726
P33076,ENSG00000179583
P33121,ENSG00000151726
P33176,ENSG00000170759
P33240,ENSG00000101811
P33527,ENSG00000103222
P33552,ENSG00000123975
P33897,ENSG00000101986
P33908,ENSG00000111885
P33947,ENSG00000136240
P33981,ENSG00000112742
P33991,ENSG00000104738
P33992,ENSG00000100297
P33993,ENSG00000166508
P34897,ENSG00000182199
P34931,ENSG00000204390
P34932,ENSG00000170606
P34949,ENSG00000178802
P35125,ENSG00000129204
P35221,ENSG00000044115
P35222,ENSG00000168036
P35226,ENSG00000168283
P35232,ENSG00000167085
P35240,ENSG00000186575
P35241,ENSG00000137710
P35249,ENSG00000163918
P35250,ENSG00000049541
P35251,ENSG00000035928
P35268,ENSG00000116251
P35269,ENSG00000125651
P35520,ENSG00000160200
P35555,ENSG00000166147
P35573,ENSG00000162688
P35579,ENSG00000100345
P35580,ENSG00000133026
P35606,ENSG00000184432
P35609,ENSG00000077522
P35610,ENSG00000057252
P35611,ENSG00000087274
P35613,ENSG00000172270
P35637,ENSG00000089280
P35658,ENSG00000126883
P35790,ENSG00000110721
P35869,ENSG00000106546
P35914,ENSG00000117305
P35998,ENSG00000161057
P36406,ENSG00000113595
P36507,ENSG00000126934
P36578,ENSG00000174444
P36776,ENSG00000196365
P36871,ENSG00000079739
P36873,ENSG00000186298
P36888,ENSG00000122025
P36955,ENSG00000132386
P36956,ENSG00000072310
P37023,ENSG00000139567
P37088,ENSG00000111319
P37108,ENSG00000140319
P37198,ENSG00000213024
P37268,ENSG00000079459
P37287,ENSG00000165195
P38432,ENSG00000121058
P38435,ENSG00000115486
P38606,ENSG00000114573
P38646,ENSG00000113013
P38919,ENSG00000141543
P38935,ENSG00000132740
P38936,ENSG00000124762
P39019,ENSG00000105372
P39023,ENSG00000100316
P39060,ENSG00000182871
P39210,ENSG00000115204
P39656,ENSG00000244038
P39687,ENSG00000140350
P39748,ENSG00000168496
P39880,ENSG00000257923
P40123,ENSG00000112186
P40126,ENSG00000080166
P40222,ENSG00000084652
P40227,ENSG00000146731
P40259,ENSG00000007312
P40306,ENSG00000205220
P40429,ENSG00000142541
P40692,ENSG00000076242
P40763,ENSG00000168610
P40818,ENSG00000138592
P40925,ENSG00000014641
P40926,ENSG00000146701
P40937,ENSG00000111445
P40938,ENSG00000133119
P40939,ENSG00000084754
P40967,ENSG00000185664
P41002,ENSG00000162063
P41091,ENSG00000130741
P41212,ENSG00000139083
P41226,ENSG00000182179
P41229,ENSG00000126012
P41240,ENSG00000103653
P41250,ENSG00000106105
P41252,ENSG00000196305
P41279,ENSG00000107968
P41743,ENSG00000163558
P42025,ENSG00000115073
P42166,ENSG00000120802
P42167,ENSG00000120802
P42224,ENSG00000115415
P42226,ENSG00000166888
P42229,ENSG00000126561
P42285,ENSG00000039123
P42336,ENSG00000121879
P42338,ENSG00000051382
P42345,ENSG00000198793
P42356,ENSG00000241973
P42566,ENSG00000085832
P42575,ENSG00000106144
P42677,ENSG00000177954
P42684,ENSG00000143322
P42694,ENSG00000198265
P42695,ENSG00000151503
P42696,ENSG00000188739
P42701,ENSG00000096996
P42704,ENSG00000138095
P42766,ENSG00000136942
P42771,ENSG00000147889
P42785,ENSG00000137509
P42858,ENSG00000197386
P42892,ENSG00000117298
P43007,ENSG00000115902
P43034,ENSG00000007168
P43243,ENSG00000015479
P43246,ENSG00000095002
P43268,ENSG00000175832
P43304,ENSG00000115159
P43307,ENSG00000124783
P43355,ENSG00000198681
P43357,ENSG00000221867
P43360,ENSG00000197172
P43362,ENSG00000123584
P43362,ENSG00000267978
P43363,ENSG00000124260
P43364,ENSG00000185247
P43365,ENSG00000213401
P43405,ENSG00000165025
P43490,ENSG00000105835
P43686,ENSG00000013275
P45844,ENSG00000160179
P45880,ENSG00000165637
P45974,ENSG00000111667
P46013,ENSG00000148773
P46019,ENSG00000044446
P46020,ENSG00000067177
P46060,ENSG00000100401
P46063,ENSG00000004700
P46087,ENSG00000111641
P46100,ENSG00000085224
P46199,ENSG00000085760
P46379,ENSG00000204463
P46734,ENSG00000034152
P46736,ENSG00000185515
P46777,ENSG00000122406
P46779,ENSG00000108107
P46781,ENSG00000170889
P46782,ENSG00000083845
P46783,ENSG00000124614
P46821,ENSG00000131711
P46939,ENSG00000152818
P46940,ENSG00000140575
P46977,ENSG00000134910
P47755,ENSG00000198898
P47756,ENSG00000077549
P47897,ENSG00000172053
P47914,ENSG00000162244
P47974,ENSG00000152518
P48047,ENSG00000241837
P48058,ENSG00000152578
P48163,ENSG00000065833
P48200,ENSG00000136381
P48378,ENSG00000087903
P48380,ENSG00000080298
P48382,ENSG00000143390
P48426,ENSG00000150867
P48444,ENSG00000095139
P48449,ENSG00000160285
P48553,ENSG00000160218
P48556,ENSG00000099341
P48595,ENSG00000242550
P48634,ENSG00000204469
P48637,ENSG00000100983
P48643,ENSG00000150753
P48651,ENSG00000156471
P48723,ENSG00000155304
P48730,ENSG00000141551
P48736,ENSG00000105851
P48764,ENSG00000066230
P48775,ENSG00000151790
P49005,ENSG00000106628
P49069,ENSG00000164615
P49116,ENSG00000177463
P49247,ENSG00000153574
P49321,ENSG00000132780
P49327,ENSG00000169710
P49366,ENSG00000095059
P49368,ENSG00000163468
P49406,ENSG00000115364
P49411,ENSG00000178952
P49418,ENSG00000078053
P49450,ENSG00000115163
P49454,ENSG00000117724
P49459,ENSG00000077721
P49585,ENSG00000161217
P49588,ENSG00000090861
P49589,ENSG00000110619
P49591,ENSG00000031698
P49642,ENSG00000198056
P49643,ENSG00000146143
P49674,ENSG00000213923
P49674,ENSG00000283900
P49682,ENSG00000186810
P49685,ENSG00000154165
P49711,ENSG00000102974
P49720,ENSG00000277791
P49721,ENSG00000126067
P49736,ENSG00000073111
P49750,ENSG00000119596
P49754,ENSG00000006715
P49760,ENSG00000176444
P49761,ENSG00000179335
P49770,ENSG00000119718
P49771,ENSG00000090554
P49790,ENSG00000124789
P49792,ENSG00000153201
P49796,ENSG00000138835
P49815,ENSG00000103197
P49840,ENSG00000105723
P49841,ENSG00000082701
P49915,ENSG00000163655
P49916,ENSG00000005156
P49961,ENSG00000138185
P50213,ENSG00000166411
P50395,ENSG00000057608
P50402,ENSG00000102119
P50416,ENSG00000110090
P50454,ENSG00000149257
P50502,ENSG00000100380
P50542,ENSG00000139197
P50570,ENSG00000079805
P50579,ENSG00000111142
P50591,ENSG00000121858
P50613,ENSG00000134058
P50748,ENSG00000184445
P50749,ENSG00000101265
P50750,ENSG00000136807
P50851,ENSG00000198589
P50897,ENSG00000131238
P50990,ENSG00000156261
P50991,ENSG00000115484
P50995,ENSG00000122359
P51003,ENSG00000090060
P51114,ENSG00000114416
P51149,ENSG00000075785
P51157,ENSG00000157869
P51398,ENSG00000132676
P51451,ENSG00000136573
P51452,ENSG00000108861
P51530,ENSG00000138346
P51531,ENSG00000080503
P51532,ENSG00000127616
P51553,ENSG00000067829
P51571,ENSG00000180879
P51572,ENSG00000185825
P51587,ENSG00000139618
P51610,ENSG00000172534
P51648,ENSG00000072210
P51654,ENSG00000147257
P51665,ENSG00000103035
P51684,ENSG00000112486
P51692,ENSG00000173757
P51784,ENSG00000102226
P51788,ENSG00000114859
P51790,ENSG00000109572
P51797,ENSG00000011021
P51798,ENSG00000103249
P51805,ENSG00000130827
P51812,ENSG00000177189
P51814,ENSG00000147124
P51825,ENSG00000172493
P51946,ENSG00000134480
P51955,ENSG00000117650
P51956,ENSG00000136098
P51970,ENSG00000119421
P52209,ENSG00000142657
P52272,ENSG00000099783
P52292,ENSG00000182481
P52294,ENSG00000114030
P52306,ENSG00000138698
P52333,ENSG00000105639
P52429,ENSG00000153933
P52435,ENSG00000005075
P52597,ENSG00000169813
P52630,ENSG00000170581
P52657,ENSG00000140307
P52701,ENSG00000116062
P52732,ENSG00000138160
P52735,ENSG00000160293
P52739,ENSG00000172262
P52756,ENSG00000003756
P52758,ENSG00000132541
P52788,ENSG00000102172
P52789,ENSG00000159399
P52848,ENSG00000070614
P52888,ENSG00000172009
P52907,ENSG00000116489
P52948,ENSG00000110713
P53004,ENSG00000106605
P53007,ENSG00000100075
P53350,ENSG00000166851
P53355,ENSG00000196730
P53396,ENSG00000131473
P53582,ENSG00000164024
P53597,ENSG00000163541
P53602,ENSG00000167508
P53611,ENSG00000137955
P53618,ENSG00000129083
P53621,ENSG00000122218
P53634,ENSG00000109861
P53667,ENSG00000106683
P53675,ENSG00000070371
P53677,ENSG00000070718
P53680,ENSG00000042753
P53701,ENSG00000004961
P53778,ENSG00000188130
P53804,ENSG00000182670
P53814,ENSG00000183963
P53990,ENSG00000182149
P53992,ENSG00000176986
P53999,ENSG00000113387
P54098,ENSG00000140521
P54132,ENSG00000197299
P54136,ENSG00000113643
P54274,ENSG00000147601
P54277,ENSG00000064933
P54278,ENSG00000122512
P54368,ENSG00000104904
P54577,ENSG00000134684
P54578,ENSG00000101557
P54687,ENSG00000060982
P54709,ENSG00000069849
P54725,ENSG00000179262
P54727,ENSG00000119318
P54802,ENSG00000108784
P54819,ENSG00000004455
P54886,ENSG00000059573
P54920,ENSG00000105402
P55010,ENSG00000100664
P55017,ENSG00000070915
P55036,ENSG00000159352
P55060,ENSG00000124207
P55061,ENSG00000139644
P55072,ENSG00000165280
P55081,ENSG00000140259
P55084,ENSG00000138029
P55160,ENSG00000123338
P55196,ENSG00000130396
P55199,ENSG00000105656
P55201,ENSG00000156983
P55209,ENSG00000187109
P55212,ENSG00000138794
P55263,ENSG00000156110
P55265,ENSG00000160710
P55268,ENSG00000172037
P55347,ENSG00000160199
P55735,ENSG00000157020
P55769,ENSG00000100138
P55786,ENSG00000141279
P55795,ENSG00000126945
P55809,ENSG00000083720
P55884,ENSG00000106263
P56182,ENSG00000160214
P56192,ENSG00000166986
P56270,ENSG00000103495
P56282,ENSG00000100479
P56373,ENSG00000109991
P56377,ENSG00000182287
P56537,ENSG00000242372
P56556,ENSG00000184983
P56589,ENSG00000034693
P56817,ENSG00000186318
P57059,ENSG00000142178
P57081,ENSG00000160193
P57086,ENSG00000171222
P57088,ENSG00000109133
P57678,ENSG00000179409
P57737,ENSG00000103426
P57737,ENSG00000262246
P57740,ENSG00000111581
P57764,ENSG00000104518
P58004,ENSG00000130766
P58107,ENSG00000261150
P58340,ENSG00000178053
P59998,ENSG00000241553
P59998,ENSG00000250151
P60174,ENSG00000111669
P60228,ENSG00000104408
P60510,ENSG00000149923
P60520,ENSG00000034713
P60660,ENSG00000092841
P60709,ENSG00000075624
P60842,ENSG00000161960
P60900,ENSG00000100902
P60903,ENSG00000197747
P60953,ENSG00000070831
P60953,ENSG00000289694
P61009,ENSG00000129128
P61011,ENSG00000100883
P61073,ENSG00000121966
P61077,ENSG00000109332
P61086,ENSG00000078140
P61158,ENSG00000115091
P61160,ENSG00000138071
P61163,ENSG00000138107
P61165,ENSG00000134825
P61201,ENSG00000166200
P61221,ENSG00000164163
P61244,ENSG00000125952
P61247,ENSG00000145425
P61289,ENSG00000131467
P61313,ENSG00000174748
P61353,ENSG00000131469
P61421,ENSG00000159720
P61599,ENSG00000173418
P61619,ENSG00000058262
P61764,ENSG00000136854
P61803,ENSG00000129562
P61923,ENSG00000111481
P61962,ENSG00000136485
P61978,ENSG00000165119
P61981,ENSG00000170027
P62081,ENSG00000171863
P62136,ENSG00000172531
P62140,ENSG00000213639
P62191,ENSG00000100764
P62195,ENSG00000087191
P62249,ENSG00000105193
P62256,ENSG00000186591
P62269,ENSG00000231500
P62277,ENSG00000110700
P62280,ENSG00000142534
P62306,ENSG00000139343
P62310,ENSG00000170860
P62314,ENSG00000167088
P62341,ENSG00000198843
P62424,ENSG00000148303
P62487,ENSG00000168002
P62495,ENSG00000120705
P62701,ENSG00000198034
P62714,ENSG00000104695
P62736,ENSG00000107796
P62750,ENSG00000198242
P62753,ENSG00000137154
P62805,ENSG00000158406
P62805,ENSG00000197061
P62805,ENSG00000197238
P62805,ENSG00000197837
P62805,ENSG00000270276
P62805,ENSG00000270882
P62805,ENSG00000273542
P62805,ENSG00000274618
P62805,ENSG00000275126
P62805,ENSG00000276180
P62805,ENSG00000276966
P62805,ENSG00000277157
P62805,ENSG00000278637
P62805,ENSG00000278705
P62807,ENSG00000180596
P62807,ENSG00000273802
P62807,ENSG00000274290
P62807,ENSG00000277224
P62807,ENSG00000278588
P62826,ENSG00000132341
P62829,ENSG00000125691
P62841,ENSG00000115268
P62847,ENSG00000138326
P62851,ENSG00000118181
P62857,ENSG00000233927
P62861,ENSG00000149806
P62873,ENSG00000078369
P62879,ENSG00000172354
P62899,ENSG00000071082
P62906,ENSG00000198755
P62913,ENSG00000142676
P62917,ENSG00000161016
P62987,ENSG00000221983
P62993,ENSG00000177885
P63010,ENSG00000006125
P63096,ENSG00000127955
P63151,ENSG00000221914
P63173,ENSG00000172809
P63208,ENSG00000113558
P63241,ENSG00000132507
P63244,ENSG00000204628
P63261,ENSG00000184009
P63272,ENSG00000213246
P63313,ENSG00000034510
P67809,ENSG00000065978
P67936,ENSG00000167460
P68032,ENSG00000159251
P68036,ENSG00000185651
P68104,ENSG00000156508
P68400,ENSG00000101266
P68431,ENSG00000197153
P68431,ENSG00000197409
P68431,ENSG00000273983
P68431,ENSG00000274750
P68431,ENSG00000275379
P68431,ENSG00000275714
P68431,ENSG00000277775
P68431,ENSG00000278828
P68431,ENSG00000286522
P68431,ENSG00000287080
P68543,ENSG00000173960
P69849,ENSG00000103226
P69905,ENSG00000188536
P69905,ENSG00000206172
P78316,ENSG00000087269
P78325,ENSG00000151651
P78344,ENSG00000110321
P78347,ENSG00000263001
P78356,ENSG00000276293
P78357,ENSG00000108797
P78368,ENSG00000133275
P78371,ENSG00000166226
P78381,ENSG00000102100
P78382,ENSG00000164414
P78395,ENSG00000185686
P78396,ENSG00000133101
P78406,ENSG00000101146
P78415,ENSG00000177508
P78508,ENSG00000177807
P78527,ENSG00000253729
P78536,ENSG00000151694
P78537,ENSG00000135441
P78549,ENSG00000065057
P78559,ENSG00000166963
P80217,ENSG00000068079
P82094,ENSG00000144747
P82650,ENSG00000175110
P82909,ENSG00000134056
P82914,ENSG00000116898
P83436,ENSG00000168434
P83731,ENSG00000114391
P83876,ENSG00000141759
P84095,ENSG00000177105
P84098,ENSG00000108298
P85037,ENSG00000164916
P86452,ENSG00000257315
P86790,ENSG00000122674
P86790,ENSG00000146574
P98082,ENSG00000153071
P98160,ENSG00000142798
P98161,ENSG00000008710
P98171,ENSG00000089820
P98179,ENSG00000102317
P98194,ENSG00000017260
P98196,ENSG00000068650
Q00169,ENSG00000174238
Q00325,ENSG00000075415
Q00341,ENSG00000115677
Q00403,ENSG00000137947
Q00526,ENSG00000250506
Q00534,ENSG00000105810
Q00537,ENSG00000059758
Q00610,ENSG00000141367
Q00613,ENSG00000185122
Q00653,ENSG00000077150
Q00722,ENSG00000137841
Q00839,ENSG00000153187
Q00987,ENSG00000135679
Q01082,ENSG00000115306
Q01094,ENSG00000101412
Q01105,ENSG00000119335
Q01151,ENSG00000112149
Q01167,ENSG00000141568
Q01196,ENSG00000159216
Q01201,ENSG00000104856
Q01432,ENSG00000133805
Q01433,ENSG00000116337
Q01484,ENSG00000145362
Q01518,ENSG00000131236
Q01581,ENSG00000112972
Q01629,ENSG00000185201
Q01650,ENSG00000103257
Q01664,ENSG00000090447
Q01780,ENSG00000171824
Q01804,ENSG00000164164
Q01813,ENSG00000067057
Q01814,ENSG00000157087
Q01826,ENSG00000182568
Q01844,ENSG00000182944
Q01850,ENSG00000140743
Q01892,ENSG00000269404
Q01970,ENSG00000149782
Q02078,ENSG00000068305
Q02108,ENSG00000164116
Q02153,ENSG00000061918
Q02224,ENSG00000138778
Q02241,ENSG00000137807
Q02447,ENSG00000172845
Q02535,ENSG00000117318
Q02543,ENSG00000105640
Q02548,ENSG00000196092
Q02556,ENSG00000140968
Q02750,ENSG00000169032
Q02790,ENSG00000004478
Q02809,ENSG00000083444
Q02878,ENSG00000089009
Q02880,ENSG00000077097
Q02952,ENSG00000131016
Q03001,ENSG00000151914
Q03112,ENSG00000085276
Q03154,ENSG00000243989
Q03164,ENSG00000118058
Q03169,ENSG00000185215
Q03188,ENSG00000145241
Q03252,ENSG00000176619
Q03468,ENSG00000225830
Q03518,ENSG00000168394
Q03519,ENSG00000204267
Q03701,ENSG00000115816
Q03933,ENSG00000025156
Q03936,ENSG00000146757
Q03989,ENSG00000196843
Q04206,ENSG00000173039
Q04323,ENSG00000162191
Q04446,ENSG00000114480
Q04637,ENSG00000114867
Q04656,ENSG00000165240
Q04721,ENSG00000134250
Q04725,ENSG00000065717
Q04726,ENSG00000140332
Q04837,ENSG00000106028
Q04917,ENSG00000128245
Q05048,ENSG00000101138
Q05397,ENSG00000169398
Q05519,ENSG00000116754
Q05639,ENSG00000101210
Q05923,ENSG00000158050
Q06033,ENSG00000162267
Q06124,ENSG00000179295
Q06187,ENSG00000010671
Q06190,ENSG00000073711
Q06203,ENSG00000128059
Q06210,ENSG00000198380
Q06265,ENSG00000123737
Q06278,ENSG00000138356
Q06323,ENSG00000092010
Q06330,ENSG00000168214
Q06413,ENSG00000081189
Q06546,ENSG00000154727
Q06787,ENSG00000102081
Q06945,ENSG00000124766
Q07020,ENSG00000063177
Q07021,ENSG00000108561
Q07065,ENSG00000136026
Q07157,ENSG00000104067
Q07343,ENSG00000184588
Q07666,ENSG00000121774
Q07820,ENSG00000143384
Q07864,ENSG00000177084
Q07866,ENSG00000126214
Q07869,ENSG00000186951
Q07889,ENSG00000115904
Q07890,ENSG00000100485
Q07912,ENSG00000061938
Q07954,ENSG00000123384
Q07960,ENSG00000175220
Q08117,ENSG00000104964
Q08209,ENSG00000138814
Q08211,ENSG00000135829
Q08257,ENSG00000116791
Q08378,ENSG00000090615
Q08379,ENSG00000167110
Q08431,ENSG00000140545
Q08499,ENSG00000113448
Q08945,ENSG00000149136
Q08999,ENSG00000103479
Q08AD1,ENSG00000118200
Q08AF3,ENSG00000166750
Q08ER8,ENSG00000178229
Q08J23,ENSG00000037474
Q09019,ENSG00000185800
Q09028,ENSG00000162521
Q09161,ENSG00000136937
Q09327,ENSG00000128268
Q09472,ENSG00000100393
Q09666,ENSG00000124942
Q0D2I5,ENSG00000010295
Q0IIM8,ENSG00000133138
Q0P6H9,ENSG00000137842
Q0PNE2,ENSG00000163832
Q0VAM2,ENSG00000138670
Q10471,ENSG00000143641
Q10567,ENSG00000100280
Q10570,ENSG00000071894
Q10589,ENSG00000130303
Q10713,ENSG00000165688
Q12766,ENSG00000113716
Q12768,ENSG00000164961
Q12769,ENSG00000030066
Q12770,ENSG00000114650
Q12772,ENSG00000198911
Q12778,ENSG00000150907
Q12788,ENSG00000183751
Q12789,ENSG00000077235
Q12796,ENSG00000146278
Q12797,ENSG00000198363
Q12800,ENSG00000135457
Q12802,ENSG00000170776
Q12815,ENSG00000135451
Q12824,ENSG00000099956
Q12830,ENSG00000171634
Q12834,ENSG00000117399
Q12840,ENSG00000155980
Q12851,ENSG00000168067
Q12872,ENSG00000061936
Q12873,ENSG00000170004
Q12874,ENSG00000183431
Q12884,ENSG00000078098
Q12888,ENSG00000067369
Q12894,ENSG00000214706
Q12899,ENSG00000234127
Q12904,ENSG00000164022
Q12905,ENSG00000143621
Q12906,ENSG00000129351
Q12907,ENSG00000169223
Q12912,ENSG00000118308
Q12923,ENSG00000163629
Q12931,ENSG00000126602
Q12933,ENSG00000127191
Q12955,ENSG00000151150
Q12959,ENSG00000075711
Q12965,ENSG00000157483
Q12968,ENSG00000072736
Q12972,ENSG00000117751
Q12974,ENSG00000184007
Q12979,ENSG00000159842
Q12980,ENSG00000103148
Q12981,ENSG00000113734
Q12986,ENSG00000086102
Q12996,ENSG00000176102
Q13011,ENSG00000104823
Q13017,ENSG00000100852
Q13029,ENSG00000116731
Q13043,ENSG00000101109
Q13045,ENSG00000177731
Q13057,ENSG00000068120
Q13077,ENSG00000056558
Q13084,ENSG00000086504
Q13085,ENSG00000278540
Q13098,ENSG00000169727
Q13099,ENSG00000032742
Q13107,ENSG00000114316
Q13111,ENSG00000167670
Q13112,ENSG00000159259
Q13115,ENSG00000120875
Q13118,ENSG00000155090
Q13123,ENSG00000113141
Q13127,ENSG00000084093
Q13129,ENSG00000117000
Q13131,ENSG00000132356
Q13136,ENSG00000131626
Q13137,ENSG00000136436
Q13144,ENSG00000145191
Q13148,ENSG00000120948
Q13151,ENSG00000177733
Q13155,ENSG00000106305
Q13158,ENSG00000168040
Q13162,ENSG00000123131
Q13164,ENSG00000166484
Q13188,ENSG00000104375
Q13190,ENSG00000162236
Q13191,ENSG00000114423
Q13200,ENSG00000175166
Q13206,ENSG00000178105
Q13207,ENSG00000121068
Q13217,ENSG00000102580
Q13227,ENSG00000132522
Q13228,ENSG00000143416
Q13233,ENSG00000095015
Q13239,ENSG00000155926
Q13257,ENSG00000164109
Q13263,ENSG00000130726
Q13283,ENSG00000145907
Q13287,ENSG00000123609
Q13308,ENSG00000112655
Q13309,ENSG00000145604
Q13310,ENSG00000090621
Q13315,ENSG00000149311
Q13325,ENSG00000152778
Q13330,ENSG00000182979
Q13342,ENSG00000079263
Q13347,ENSG00000084623
Q13352,ENSG00000142856
Q13356,ENSG00000100023
Q13362,ENSG00000078304
Q13363,ENSG00000159692
Q13371,ENSG00000136940
Q13393,ENSG00000075651
Q13395,ENSG00000059588
Q13409,ENSG00000077380
Q13415,ENSG00000085840
Q13416,ENSG00000115942
Q13418,ENSG00000166333
Q13421,ENSG00000102854
Q13422,ENSG00000185811
Q13423,ENSG00000112992
Q13425,ENSG00000168807
Q13428,ENSG00000070814
Q13432,ENSG00000109103
Q13433,ENSG00000141424
Q13435,ENSG00000087365
Q13438,ENSG00000135506
Q13439,ENSG00000144674
Q13459,ENSG00000099331
Q13464,ENSG00000067900
Q13469,ENSG00000101096
Q13480,ENSG00000109458
Q13485,ENSG00000141646
Q13487,ENSG00000104976
Q13488,ENSG00000110719
Q13489,ENSG00000023445
Q13492,ENSG00000073921
Q13496,ENSG00000171100
Q13501,ENSG00000161011
Q13505,ENSG00000173171
Q13530,ENSG00000132824
Q13535,ENSG00000175054
Q13547,ENSG00000116478
Q13561,ENSG00000175203
Q13564,ENSG00000159593
Q13568,ENSG00000128604
Q13569,ENSG00000139372
Q13571,ENSG00000162511
Q13572,ENSG00000100605
Q13576,ENSG00000145703
Q13586,ENSG00000167323
Q13596,ENSG00000028528
Q13613,ENSG00000063601
Q13614,ENSG00000087053
Q13616,ENSG00000055130
Q13617,ENSG00000108094
Q13618,ENSG00000036257
Q13620,ENSG00000158290
Q13625,ENSG00000143514
Q13627,ENSG00000157540
Q13630,ENSG00000104522
Q13671,ENSG00000174791
Q13685,ENSG00000127837
Q13724,ENSG00000115275
Q13753,ENSG00000058085
Q13769,ENSG00000100296
Q13772,ENSG00000266412
Q13794,ENSG00000141682
Q13813,ENSG00000197694
Q13823,ENSG00000134697
Q13867,ENSG00000108578
Q13868,ENSG00000130713
Q13885,ENSG00000137267
Q13888,ENSG00000145736
Q13889,ENSG00000111358
Q13895,ENSG00000112578
Q13901,ENSG00000197223
Q13905,ENSG00000107263
Q13907,ENSG00000067064
Q13972,ENSG00000058335
Q14004,ENSG00000065883
Q14005,ENSG00000172349
Q14008,ENSG00000175216
Q14094,ENSG00000118816
Q14103,ENSG00000138668
Q14126,ENSG00000046604
Q14137,ENSG00000261236
Q14139,ENSG00000110344
Q14141,ENSG00000125354
Q14142,ENSG00000106785
Q14145,ENSG00000079999
Q14146,ENSG00000135763
Q14151,ENSG00000130254
Q14152,ENSG00000107581
Q14157,ENSG00000143569
Q14160,ENSG00000180900
Q14161,ENSG00000139436
Q14165,ENSG00000110917
Q14166,ENSG00000100304
Q14181,ENSG00000014138
Q14185,ENSG00000150760
Q14186,ENSG00000198176
Q14188,ENSG00000114126
Q14190,ENSG00000159263
Q14191,ENSG00000165392
Q14202,ENSG00000147130
Q14203,ENSG00000204843
Q14204,ENSG00000197102
Q14207,ENSG00000149308
Q14213,ENSG00000105246
Q14232,ENSG00000111361
Q14240,ENSG00000156976
Q14241,ENSG00000011007
Q14246,ENSG00000174837
Q14249,ENSG00000167136
Q14254,ENSG00000132589
Q14257,ENSG00000117906
Q14258,ENSG00000121060
Q14289,ENSG00000120899
Q14296,ENSG00000164896
Q14315,ENSG00000128591
Q14435,ENSG00000115339
Q14444,ENSG00000135387
Q14457,ENSG00000126581
Q14493,ENSG00000163950
Q14494,ENSG00000082641
Q14498,ENSG00000131051
Q14517,ENSG00000083857
Q14526,ENSG00000177374
Q14527,ENSG00000071794
Q14534,ENSG00000104549
Q14558,ENSG00000161542
Q14562,ENSG00000067596
Q14566,ENSG00000076003
Q14571,ENSG00000123104
Q14573,ENSG00000096433
Q14586,ENSG00000185947
Q14592,ENSG00000197714
Q14596,ENSG00000188554
Q14643,ENSG00000150995
Q14651,ENSG00000120756
Q14653,ENSG00000126456
Q14667,ENSG00000007202
Q14669,ENSG00000153827
Q14671,ENSG00000134644
Q14674,ENSG00000135476
Q14677,ENSG00000113282
Q14678,ENSG00000107104
Q14679,ENSG00000135912
Q14680,ENSG00000165304
Q14683,ENSG00000072501
Q14684,ENSG00000160208
Q14686,ENSG00000198646
Q14687,ENSG00000131149
Q14689,ENSG00000160305
Q14690,ENSG00000148843
Q14691,ENSG00000101003
Q14692,ENSG00000165733
Q14693,ENSG00000134324
Q14694,ENSG00000103194
Q14697,ENSG00000089597
Q14703,ENSG00000140943
Q14728,ENSG00000109736
Q14738,ENSG00000112640
Q14739,ENSG00000143815
Q14746,ENSG00000135775
Q14764,ENSG00000013364
Q14765,ENSG00000138378
Q14774,ENSG00000136630
Q14789,ENSG00000173230
Q14790,ENSG00000064012
Q14807,ENSG00000079616
Q14814,ENSG00000116604
Q14839,ENSG00000111642
Q14919,ENSG00000175550
Q14966,ENSG00000075292
Q14974,ENSG00000108424
Q14978,ENSG00000166197
Q14980,ENSG00000137497
Q14997,ENSG00000068878
Q14999,ENSG00000044090
Q149N8,ENSG00000146414
Q14C86,ENSG00000165219
Q14CB8,ENSG00000213390
Q14CX7,ENSG00000111300
Q14CZ0,ENSG00000182831
Q15003,ENSG00000121152
Q15004,ENSG00000166803
Q15005,ENSG00000118363
Q15006,ENSG00000104412
Q15007,ENSG00000146457
Q15008,ENSG00000163636
Q15011,ENSG00000051108
Q15014,ENSG00000123562
Q15019,ENSG00000168385
Q15020,ENSG00000075856
Q15021,ENSG00000010292
Q15022,ENSG00000178691
Q15027,ENSG00000072818
Q15029,ENSG00000108883
Q15032,ENSG00000048991
Q15034,ENSG00000138641
Q15035,ENSG00000065308
Q15036,ENSG00000115234
Q15038,ENSG00000183283
Q15041,ENSG00000170540
Q15042,ENSG00000115839
Q15043,ENSG00000104635
Q15046,ENSG00000065427
Q15047,ENSG00000143379
Q15050,ENSG00000179041
Q15051,ENSG00000173226
Q15056,ENSG00000106682
Q15057,ENSG00000114331
Q15058,ENSG00000118193
Q15059,ENSG00000169925
Q15061,ENSG00000163811
Q15067,ENSG00000161533
Q15070,ENSG00000155463
Q15075,ENSG00000102189
Q15149,ENSG00000178209
Q15154,ENSG00000078674
Q15155,ENSG00000103512
Q15172,ENSG00000066027
Q15181,ENSG00000180817
Q15208,ENSG00000112079
Q15233,ENSG00000147140
Q15257,ENSG00000119383
Q15262,ENSG00000152894
Q15269,ENSG00000241945
Q15274,ENSG00000103485
Q15276,ENSG00000029725
Q15283,ENSG00000155903
Q15287,ENSG00000205937
Q15293,ENSG00000049449
Q15293,ENSG00000285283
Q15306,ENSG00000137265
Q15311,ENSG00000017797
Q15327,ENSG00000148677
Q15329,ENSG00000133740
Q15334,ENSG00000131899
Q15345,ENSG00000132128
Q15349,ENSG00000071242
Q15363,ENSG00000086598
Q15365,ENSG00000169564
Q15370,ENSG00000103363
Q15386,ENSG00000009335
Q15388,ENSG00000173726
Q15392,ENSG00000116133
Q15393,ENSG00000189091
Q15397,ENSG00000080608
Q15398,ENSG00000126787
Q15404,ENSG00000148484
Q15417,ENSG00000117519
Q15424,ENSG00000160633
Q15427,ENSG00000143368
Q15428,ENSG00000104897
Q15435,ENSG00000115685
Q15436,ENSG00000100934
Q15437,ENSG00000101310
Q15459,ENSG00000099995
Q15468,ENSG00000123473
Q15477,ENSG00000204351
Q15532,ENSG00000141380
Q15542,ENSG00000148835
Q15545,ENSG00000178913
Q15560,ENSG00000171703
Q15573,ENSG00000143498
Q15582,ENSG00000120708
Q15596,ENSG00000140396
Q15629,ENSG00000067167
Q15631,ENSG00000211460
Q15633,ENSG00000139546
Q15637,ENSG00000168066
Q15643,ENSG00000100815
Q15645,ENSG00000071539
Q15648,ENSG00000125686
Q15650,ENSG00000103671
Q15652,ENSG00000171988
Q15654,ENSG00000087077
Q15678,ENSG00000152104
Q15691,ENSG00000101367
Q15738,ENSG00000147383
Q15742,ENSG00000166886
Q15746,ENSG00000065534
Q15751,ENSG00000103657
Q15758,ENSG00000105281
Q15773,ENSG00000089693
Q15776,ENSG00000198315
Q15782,ENSG00000064886
Q15800,ENSG00000052802
Q15825,ENSG00000147434
Q15833,ENSG00000076944
Q15834,ENSG00000175602
Q15878,ENSG00000198216
Q15904,ENSG00000071553
Q15910,ENSG00000106462
Q15911,ENSG00000140836
Q15973,ENSG00000196418
Q16181,ENSG00000122545
Q16186,ENSG00000130706
Q16206,ENSG00000165675
Q16222,ENSG00000117143
Q16236,ENSG00000116044
Q16254,ENSG00000205250
Q16401,ENSG00000095261
Q16512,ENSG00000123143
Q16513,ENSG00000065243
Q16531,ENSG00000167986
Q16533,ENSG00000023608
Q16537,ENSG00000154001
Q16539,ENSG00000112062
Q16543,ENSG00000105401
Q16548,ENSG00000140379
Q16570,ENSG00000213088
Q16576,ENSG00000102054
Q16585,ENSG00000163069
Q16589,ENSG00000138764
Q16594,ENSG00000273841
Q16611,ENSG00000030110
Q16630,ENSG00000111605
Q16633,ENSG00000110777
Q16635,ENSG00000102125
Q16637,ENSG00000172062
Q16637,ENSG00000205571
Q16656,ENSG00000106459
Q16659,ENSG00000069956
Q16665,ENSG00000100644
Q16666,ENSG00000163565
Q16678,ENSG00000138061
Q16690,ENSG00000138166
Q16706,ENSG00000112893
Q16719,ENSG00000115919
Q16763,ENSG00000108106
Q16787,ENSG00000053747
Q16790,ENSG00000107159
Q16795,ENSG00000139180
Q16831,ENSG00000183696
Q16832,ENSG00000162733
Q16842,ENSG00000157350
Q16850,ENSG00000001630
Q16851,ENSG00000169764
Q16864,ENSG00000128524
Q16873,ENSG00000213316
Q16875,ENSG00000170525
Q16881,ENSG00000198431
Q16891,ENSG00000132305
Q17RB8,ENSG00000154359
Q17RS7,ENSG00000178295
Q1ED39,ENSG00000103550
Q1KMD3,ENSG00000214753
Q1MSJ5,ENSG00000104218
Q24JP5,ENSG00000006118
Q24JQ0,ENSG00000134490
Q27J81,ENSG00000203485
Q29RF7,ENSG00000121892
Q2KHM9,ENSG00000198920
Q2KHT3,ENSG00000038532
Q2LD37,ENSG00000138688
Q2M1K9,ENSG00000102935
Q2M1Z3,ENSG00000031081
Q2M2I8,ENSG00000115977
Q2M2Z5,ENSG00000088970
Q2M389,ENSG00000136051
Q2NKJ3,ENSG00000178971
Q2NKX8,ENSG00000186871
Q2NL68,ENSG00000167595
Q2NL82,ENSG00000167721
Q2T9J0,ENSG00000156521
Q2TAK8,ENSG00000160953
Q2TAL8,ENSG00000198218
Q2TAY7,ENSG00000122692
Q2TAZ0,ENSG00000110046
Q2TB10,ENSG00000048405
Q2V2M9,ENSG00000134775
Q2VIR3,ENSG00000180574
Q2VPB7,ENSG00000254470
Q2VPK5,ENSG00000174177
Q32MH5,ENSG00000047346
Q32MZ4,ENSG00000124831
Q32NB8,ENSG00000087157
Q32P28,ENSG00000117385
Q38SD2,ENSG00000154237
Q3B7J2,ENSG00000141098
Q3B7T1,ENSG00000107938
Q3BBV0,ENSG00000219481
Q3KQU3,ENSG00000116871
Q3L8U1,ENSG00000177200
Q3LXA3,ENSG00000149476
Q3MIX3,ENSG00000173137
Q3SXM5,ENSG00000103160
Q3SYG4,ENSG00000122507
Q3V6T2,ENSG00000115355
Q3ZAQ7,ENSG00000160131
Q3ZCM7,ENSG00000261456
Q460N3,ENSG00000173200
Q460N5,ENSG00000173193
Q495B1,ENSG00000166839
Q49A88,ENSG00000175455
Q49AG3,ENSG00000236287
Q49AM3,ENSG00000115282
Q49AN0,ENSG00000121671
Q4AC94,ENSG00000168014
Q4ADV7,ENSG00000107036
Q4FZB7,ENSG00000110066
Q4G0J3,ENSG00000174720
Q4G0N4,ENSG00000152620
Q4G0X4,ENSG00000188997
Q4J6C6,ENSG00000138078
Q4KMP7,ENSG00000169221
Q4KMQ1,ENSG00000176058
Q4KMQ2,ENSG00000177119
Q4L235,ENSG00000157426
Q4LE39,ENSG00000054267
Q4VC31,ENSG00000160124
Q4ZG55,ENSG00000196208
Q4ZIN3,ENSG00000182087
Q504Q3,ENSG00000135473
Q504T8,ENSG00000167470
Q52LR7,ENSG00000135999
Q52LW3,ENSG00000137962
Q53EL6,ENSG00000150593
Q53EP0,ENSG00000075420
Q53EQ6,ENSG00000179886
Q53ET0,ENSG00000160741
Q53EZ4,ENSG00000138180
Q53F39,ENSG00000154889
Q53FT3,ENSG00000149196
Q53FV1,ENSG00000123353
Q53G44,ENSG00000137959
Q53G59,ENSG00000117153
Q53GL7,ENSG00000178685
Q53GS7,ENSG00000119392
Q53GS9,ENSG00000168883
Q53GT1,ENSG00000099910
Q53H47,ENSG00000170364
Q53H54,ENSG00000183665
Q53H80,ENSG00000135334
Q53HC5,ENSG00000167487
Q53HC9,ENSG00000032389
Q53HL2,ENSG00000134690
Q53S33,ENSG00000163170
Q53TQ3,ENSG00000114933
Q562E7,ENSG00000167716
Q562F6,ENSG00000163535
Q567U6,ENSG00000125633
Q56NI9,ENSG00000171320
Q56VL3,ENSG00000145247
Q58EX7,ENSG00000196155
Q58WW2,ENSG00000143164
Q5BJD5,ENSG00000166471
Q5BJF2,ENSG00000109084
Q5BJF6,ENSG00000136811
Q5BJH2,ENSG00000132406
Q5BJH7,ENSG00000167645
Q5BKT4,ENSG00000139133
Q5C9Z4,ENSG00000146909
Q5EBL4,ENSG00000188026
Q5FWF4,ENSG00000121988
Q5GLZ8,ENSG00000148634
Q5H8A4,ENSG00000174227
Q5H9F3,ENSG00000085185
Q5H9R7,ENSG00000110075
Q5H9S7,ENSG00000115827
Q5H9U9,ENSG00000181381
Q5HYA8,ENSG00000164953
Q5I7T1,ENSG00000175548
Q5JPE7,ENSG00000185164
Q5JPH6,ENSG00000103356
Q5JPI3,ENSG00000179021
Q5JRA6,ENSG00000154305
Q5JRX3,ENSG00000107959
Q5JS54,ENSG00000180822
Q5JSH3,ENSG00000131725
Q5JSL3,ENSG00000147251
Q5JSP0,ENSG00000127084
Q5JSZ5,ENSG00000288701
Q5JTH9,ENSG00000052749
Q5JTV8,ENSG00000143337
Q5JTW2,ENSG00000148019
Q5JVF3,ENSG00000126226
Q5JWF2,ENSG00000087460
Q5JWF8,ENSG00000288649
Q5JWR5,ENSG00000083097
Q5K651,ENSG00000205413
Q5M775,ENSG00000128487
Q5M7Z0,ENSG00000189050
Q5MIZ7,ENSG00000275052
Q5PRF9,ENSG00000179134
Q5QP82,ENSG00000122741
Q5R372,ENSG00000152061
Q5RL73,ENSG00000127993
Q5S007,ENSG00000188906
Q5SNT2,ENSG00000188807
Q5SR56,ENSG00000148110
Q5SRE5,ENSG00000095319
Q5SSJ5,ENSG00000127483
Q5ST30,ENSG00000137411
Q5SVZ6,ENSG00000197056
Q5SW79,ENSG00000143702
Q5SWH9,ENSG00000159596
Q5SXM2,ENSG00000165684
Q5SY16,ENSG00000162408
Q5SZK8,ENSG00000150893
Q5SZL2,ENSG00000111860
Q5T011,ENSG00000198198
Q5T1M5,ENSG00000119321
Q5T1R4,ENSG00000127124
Q5T1V6,ENSG00000118197
Q5T280,ENSG00000198917
Q5T2E6,ENSG00000120029
Q5T2T1,ENSG00000150054
Q5T3F8,ENSG00000137216
Q5T3J3,ENSG00000121931
Q5T3U5,ENSG00000124574
Q5T447,ENSG00000126107
Q5T4F4,ENSG00000155256
Q5T4S7,ENSG00000127481
Q5T5C0,ENSG00000164506
Q5T5P2,ENSG00000120549
Q5T5U3,ENSG00000107863
Q5T5X7,ENSG00000178409
Q5T5Y3,ENSG00000130559
Q5T6F0,ENSG00000198876
Q5T6F2,ENSG00000137073
Q5T6S3,ENSG00000119403
Q5T8I3,ENSG00000162636
Q5T9L3,ENSG00000116729
Q5T9S5,ENSG00000122483
Q5TA45,ENSG00000127054
Q5TAX3,ENSG00000134744
Q5TBA9,ENSG00000073910
Q5TC12,ENSG00000123472
Q5TEC6,ENSG00000273213
Q5TEJ8,ENSG00000130775
Q5TF21,ENSG00000214338
Q5TF39,ENSG00000173214
Q5TFE4,ENSG00000178425
Q5THJ4,ENSG00000048707
Q5THK1,ENSG00000183530
Q5TKA1,ENSG00000183814
Q5TZA2,ENSG00000058453
Q5U3C3,ENSG00000157600
Q5U623,ENSG00000166669
Q5UE93,ENSG00000276231
Q5UIP0,ENSG00000080345
Q5VIR6,ENSG00000141252
Q5VSL9,ENSG00000143093
Q5VT06,ENSG00000135837
Q5VT52,ENSG00000163125
Q5VTE6,ENSG00000174606
Q5VTR2,ENSG00000155827
Q5VU43,ENSG00000178104
Q5VUA4,ENSG00000171467
Q5VV42,ENSG00000145996
Q5VV67,ENSG00000148840
Q5VVJ2,ENSG00000162601
Q5VW32,ENSG00000162819
Q5VW36,ENSG00000188352
Q5VWK0,ENSG00000186086
Q5VWN6,ENSG00000108021
Q5VWQ0,ENSG00000081019
Q5VWQ8,ENSG00000136848
Q5VYK3,ENSG00000136813
Q5VYS8,ENSG00000083223
Q5VZ89,ENSG00000137145
Q5VZE5,ENSG00000135040
Q5VZK9,ENSG00000079691
Q5VZM2,ENSG00000083750
Q5W0B1,ENSG00000152193
Q5W0V3,ENSG00000151553
Q5W5X9,ENSG00000103852
Q5XKP0,ENSG00000174917
Q5XPI4,ENSG00000164068
Q5XUX1,ENSG00000132004
Q63HK5,ENSG00000121297
Q63HM2,ENSG00000126773
Q63HN8,ENSG00000173821
Q63ZY3,ENSG00000197256
Q641Q2,ENSG00000099290
Q658P3,ENSG00000115107
Q658Y4,ENSG00000176853
Q659A1,ENSG00000128915
Q66GS9,ENSG00000174799
Q66K14,ENSG00000197226
Q66K64,ENSG00000132017
Q66K74,ENSG00000130479
Q66K89,ENSG00000167967
Q66PJ3,ENSG00000182196
Q676U5,ENSG00000085978
Q687X5,ENSG00000127954
Q68CL5,ENSG00000134779
Q68CP9,ENSG00000189079
Q68CQ4,ENSG00000117597
Q68CR1,ENSG00000091490
Q68CZ1,ENSG00000103494
Q68CZ2,ENSG00000136205
Q68DH5,ENSG00000164187
Q68DK2,ENSG00000072121
Q68DQ2,ENSG00000080200
Q68DX3,ENSG00000170324
Q68E01,ENSG00000143624
Q68EA5,ENSG00000171970
Q68EM7,ENSG00000140750
Q69YN2,ENSG00000095485
Q69YN4,ENSG00000164944
Q69YQ0,ENSG00000100014
Q6AHZ1,ENSG00000177853
Q6AWC2,ENSG00000151718
Q6BDS2,ENSG00000065060
Q6DD88,ENSG00000184743
Q6DKI1,ENSG00000146223
Q6DKK2,ENSG00000011295
Q6DN14,ENSG00000175471
Q6DN90,ENSG00000144711
Q6EKJ0,ENSG00000174428
Q6EMB2,ENSG00000119685
Q6F5E8,ENSG00000159753
Q6FI81,ENSG00000005194
Q6GYQ0,ENSG00000174373
Q6I9Y2,ENSG00000163634
Q6IA69,ENSG00000172890
Q6IA86,ENSG00000134759
Q6IAN0,ENSG00000109016
Q6IBW4,ENSG00000025770
Q6IC98,ENSG00000075240
Q6ICG6,ENSG00000100364
Q6IPU0,ENSG00000188312
Q6IQ26,ENSG00000184014
Q6IQ32,ENSG00000101544
Q6J4K2,ENSG00000089060
Q6JQN1,ENSG00000111271
Q6KB66,ENSG00000167767
Q6KC79,ENSG00000164190
Q6N063,ENSG00000111325
Q6N069,ENSG00000172766
Q6N075,ENSG00000182544
Q6NS38,ENSG00000189046
Q6NSI4,ENSG00000147231
Q6NSI8,ENSG00000162929
Q6NSJ5,ENSG00000171017
Q6NTF9,ENSG00000005486
Q6NUM6,ENSG00000277149
Q6NUM9,ENSG00000042445
Q6NUN9,ENSG00000181220
Q6NUQ1,ENSG00000135249
Q6NUQ4,ENSG00000119777
Q6NUS6,ENSG00000119977
Q6NUT3,ENSG00000161091
Q6NW29,ENSG00000182552
Q6NW34,ENSG00000163608
Q6NXT4,ENSG00000152683
Q6NYC1,ENSG00000070495
Q6NZ63,ENSG00000105889
Q6P0N0,ENSG00000129534
Q6P158,ENSG00000163214
Q6P179,ENSG00000164308
Q6P1A2,ENSG00000111684
Q6P1J9,ENSG00000134371
Q6P1L8,ENSG00000180992
Q6P1M3,ENSG00000073350
Q6P1N0,ENSG00000132024
Q6P1N9,ENSG00000147687
Q6P1Q0,ENSG00000050426
Q6P1R4,ENSG00000169718
Q6P1X5,ENSG00000064313
Q6P2C8,ENSG00000160563
Q6P2E9,ENSG00000038358
Q6P2H3,ENSG00000130695
Q6P2Q9,ENSG00000174231
Q6P3S6,ENSG00000037637
Q6P3W7,ENSG00000136021
Q6P3X3,ENSG00000018699
Q6P4A7,ENSG00000183605
Q6P4F7,ENSG00000198826
Q6P4Q7,ENSG00000158158
Q6P4R8,ENSG00000170322
Q6P587,ENSG00000180185
Q6P5R6,ENSG00000163584
Q6P5S7,ENSG00000219200
Q6P5W5,ENSG00000147804
Q6P995,ENSG00000144369
Q6P996,ENSG00000179889
Q6P9B9,ENSG00000185085
Q6PCD5,ENSG00000168411
Q6PD62,ENSG00000198730
Q6PD74,ENSG00000103591
Q6PEV8,ENSG00000123575
Q6PFW1,ENSG00000168781
Q6PGP7,ENSG00000198677
Q6PH81,ENSG00000155330
Q6PHR2,ENSG00000140474
Q6PI26,ENSG00000144736
Q6PI48,ENSG00000117593
Q6PI78,ENSG00000164983
Q6PID6,ENSG00000113638
Q6PID8,ENSG00000128607
Q6PIJ6,ENSG00000145868
Q6PIW4,ENSG00000132436
Q6PIY7,ENSG00000164329
Q6PJ61,ENSG00000177051
Q6PJF5,ENSG00000129667
Q6PJG2,ENSG00000156030
Q6PJG6,ENSG00000106009
Q6PJP8,ENSG00000198924
Q6PJT7,ENSG00000100722
Q6PK04,ENSG00000185298
Q6PK18,ENSG00000181396
Q6PKC3,ENSG00000153066
Q6PKG0,ENSG00000155506
Q6PL18,ENSG00000156802
Q6Q0C0,ENSG00000131653
Q6R327,ENSG00000164327
Q6RFH5,ENSG00000133316
Q6TFL3,ENSG00000164989
Q6TFL4,ENSG00000114796
Q6UB35,ENSG00000120254
Q6UB98,ENSG00000101745
Q6UB99,ENSG00000167522
Q6UN15,ENSG00000145216
Q6UUV7,ENSG00000140577
Q6UVJ0,ENSG00000156876
Q6UVK1,ENSG00000173546
Q6UW49,ENSG00000258484
Q6UW63,ENSG00000134901
Q6UW68,ENSG00000105518
Q6UWH6,ENSG00000144043
Q6UWJ1,ENSG00000150403
Q6UWP7,ENSG00000172954
Q6UWU4,ENSG00000198663
Q6UX98,ENSG00000174165
Q6UXD5,ENSG00000174938
Q6UXN9,ENSG00000164091
Q6UXY1,ENSG00000128298
Q6V1X1,ENSG00000074603
Q6VMQ6,ENSG00000171681
Q6VY07,ENSG00000175115
Q6W2J9,ENSG00000183337
Q6WRI0,ENSG00000152580
Q6XZF7,ENSG00000107554
Q6Y1H2,ENSG00000206527
Q6Y7W6,ENSG00000204120
Q6YBV0,ENSG00000180773
Q6YHK3,ENSG00000156535
Q6YHU6,ENSG00000115970
Q6YN16,ENSG00000119471
Q6ZMG9,ENSG00000172292
Q6ZMI0,ENSG00000162869
Q6ZMZ0,ENSG00000116514
Q6ZMZ3,ENSG00000176438
Q6ZN28,ENSG00000183742
Q6ZN54,ENSG00000140995
Q6ZN55,ENSG00000105732
Q6ZN66,ENSG00000183347
Q6ZNA4,ENSG00000157450
Q6ZNJ1,ENSG00000160796
Q6ZP29,ENSG00000040487
Q6ZP82,ENSG00000163492
Q6ZRI6,ENSG00000167173
Q6ZRQ5,ENSG00000146263
Q6ZRS2,ENSG00000080603
Q6ZRV2,ENSG00000180921
Q6ZS10,ENSG00000187912
Q6ZS17,ENSG00000039523
Q6ZS30,ENSG00000144426
Q6ZS81,ENSG00000128815
Q6ZSZ5,ENSG00000104880
Q6ZT07,ENSG00000109436
Q6ZT12,ENSG00000144357
Q6ZT21,ENSG00000188167
Q6ZT62,ENSG00000285304
Q6ZT98,ENSG00000137941
Q6ZTW0,ENSG00000141933
Q6ZUJ8,ENSG00000155629
Q6ZUM4,ENSG00000159314
Q6ZUT9,ENSG00000170456
Q6ZV29,ENSG00000130653
Q6ZV73,ENSG00000180263
Q6ZVD8,ENSG00000040199
Q6ZVM7,ENSG00000175662
Q6ZW49,ENSG00000157212
Q6ZWJ1,ENSG00000166263
Q6ZWT7,ENSG00000143797
Q6ZXV5,ENSG00000139324
Q709C8,ENSG00000129003
Q70CQ1,ENSG00000164663
Q70CQ2,ENSG00000115464
Q70EL2,ENSG00000123552
Q70J99,ENSG00000092929
Q70SY1,ENSG00000182158
Q71F56,ENSG00000123066
Q71RC2,ENSG00000161813
Q71RG4,ENSG00000168591
Q71SY5,ENSG00000104973
Q71U36,ENSG00000167552
Q75QN2,ENSG00000164941
Q75T13,ENSG00000197121
Q75V66,ENSG00000171714
Q76FK4,ENSG00000198000
Q76I76,ENSG00000141298
Q76L83,ENSG00000143970
Q76N32,ENSG00000011523
Q76N89,ENSG00000002746
Q7KZ85,ENSG00000109111
Q7KZF4,ENSG00000197157
Q7KZN9,ENSG00000014919
Q7L014,ENSG00000145833
Q7L0R7,ENSG00000146083
Q7L1Q6,ENSG00000082153
Q7L1V2,ENSG00000103111
Q7L273,ENSG00000104756
Q7L2E3,ENSG00000132153
Q7L2H7,ENSG00000149100
Q7L4I2,ENSG00000111011
Q7L513,ENSG00000132185
Q7L576,ENSG00000273749
Q7L590,ENSG00000065328
Q7L5N1,ENSG00000168090
Q7L5Y9,ENSG00000090316
Q7L622,ENSG00000092140
Q7L775,ENSG00000178567
Q7L7V1,ENSG00000089876
Q7L7X3,ENSG00000160551
Q7L8L6,ENSG00000215251
Q7L8W6,ENSG00000134146
Q7L9L4,ENSG00000173542
Q7LBC6,ENSG00000120733
Q7LBR1,ENSG00000255112
Q7LDG7,ENSG00000068831
Q7LG56,ENSG00000048392
Q7LGA3,ENSG00000153936
Q7LGA3,ENSG00000267561
Q7RTP0,ENSG00000170113
Q7RTP6,ENSG00000243156
Q7RTR2,ENSG00000167984
Q7RTS9,ENSG00000141627
Q7Z2E3,ENSG00000137074
Q7Z2K6,ENSG00000099219
Q7Z2T5,ENSG00000121486
Q7Z2W4,ENSG00000105939
Q7Z2Z1,ENSG00000140534
Q7Z333,ENSG00000107290
Q7Z388,ENSG00000156162
Q7Z392,ENSG00000168538
Q7Z3B4,ENSG00000138750
Q7Z3E1,ENSG00000163659
Q7Z3E5,ENSG00000135931
Q7Z3F1,ENSG00000163328
Q7Z3J2,ENSG00000103544
Q7Z3K3,ENSG00000143442
Q7Z3T8,ENSG00000039319
Q7Z3U7,ENSG00000061987
Q7Z3V4,ENSG00000151148
Q7Z401,ENSG00000174485
Q7Z403,ENSG00000141524
Q7Z406,ENSG00000105357
Q7Z412,ENSG00000215193
Q7Z429,ENSG00000178719
Q7Z434,ENSG00000088888
Q7Z449,ENSG00000155016
Q7Z460,ENSG00000074054
Q7Z478,ENSG00000067248
Q7Z4G4,ENSG00000066651
Q7Z4H8,ENSG00000178202
Q7Z4L5,ENSG00000123607
Q7Z4Q2,ENSG00000155393
Q7Z4S6,ENSG00000139116
Q7Z4W1,ENSG00000169738
Q7Z569,ENSG00000089234
Q7Z5J4,ENSG00000108557
Q7Z5K2,ENSG00000062650
Q7Z5L9,ENSG00000168264
Q7Z5Q5,ENSG00000130997
Q7Z5Y7,ENSG00000112078
Q7Z628,ENSG00000173848
Q7Z6A9,ENSG00000186265
Q7Z6E9,ENSG00000122257
Q7Z6I6,ENSG00000186517
Q7Z6J8,ENSG00000118420
Q7Z6L1,ENSG00000205356
Q7Z6M1,ENSG00000136933
Q7Z6M2,ENSG00000165355
Q7Z6Z7,ENSG00000086758
Q7Z739,ENSG00000185728
Q7Z7A1,ENSG00000119397
Q7Z7A3,ENSG00000142544
Q7Z7A4,ENSG00000168297
Q7Z7B0,ENSG00000118407
Q7Z7F7,ENSG00000162910
Q7Z7G8,ENSG00000132549
Q7Z7L1,ENSG00000172716
Q7Z7L7,ENSG00000160445
Q7Z7L8,ENSG00000187479
Q7Z7M0,ENSG00000105429
Q86SF2,ENSG00000109586
Q86SG6,ENSG00000160602
Q86SQ0,ENSG00000144824
Q86SQ7,ENSG00000054282
Q86SQ9,ENSG00000117682
Q86SR1,ENSG00000164574
Q86SX3,ENSG00000185347
Q86T82,ENSG00000135913
Q86T90,ENSG00000150477
Q86TB9,ENSG00000166889
Q86TG7,ENSG00000242265
Q86TI0,ENSG00000065882
Q86TI2,ENSG00000142002
Q86TM6,ENSG00000162298
Q86TU7,ENSG00000183576
Q86TW2,ENSG00000063761
Q86U86,ENSG00000163939
Q86U90,ENSG00000196449
Q86UA6,ENSG00000129197
Q86UB9,ENSG00000166575
Q86UD5,ENSG00000164038
Q86UE4,ENSG00000147649
Q86UL3,ENSG00000158669
Q86UP2,ENSG00000126777
Q86UQ4,ENSG00000179869
Q86UT8,ENSG00000186166
Q86UV5,ENSG00000090686
Q86UW9,ENSG00000091073
Q86V20,ENSG00000122376
Q86V21,ENSG00000081760
Q86V24,ENSG00000006831
Q86V48,ENSG00000169641
Q86VD9,ENSG00000119227
Q86VH2,ENSG00000165115
Q86VI3,ENSG00000183856
Q86VP1,ENSG00000106052
Q86VP6,ENSG00000111530
Q86VR2,ENSG00000141699
Q86VS8,ENSG00000168172
Q86VV8,ENSG00000176225
Q86VW0,ENSG00000187231
Q86VX2,ENSG00000149600
Q86VY4,ENSG00000180543
Q86W34,ENSG00000196704
Q86W92,ENSG00000110841
Q86WA8,ENSG00000102910
Q86WB0,ENSG00000091732
Q86WH2,ENSG00000153179
Q86WI1,ENSG00000205038
Q86WI3,ENSG00000140853
Q86WJ1,ENSG00000131778
Q86WK9,ENSG00000182749
Q86WQ0,ENSG00000184162
Q86WR7,ENSG00000148426
Q86WT1,ENSG00000197557
Q86WV6,ENSG00000184584
Q86X10,ENSG00000170471
Q86X55,ENSG00000142453
Q86X83,ENSG00000114744
Q86XA9,ENSG00000129493
Q86XI2,ENSG00000146918
Q86XK2,ENSG00000138081
Q86XL3,ENSG00000176915
Q86XN7,ENSG00000120685
Q86XP3,ENSG00000198231
Q86XR8,ENSG00000166037
Q86XS8,ENSG00000113269
Q86XZ4,ENSG00000123352
Q86Y07,ENSG00000028116
Q86Y13,ENSG00000198919
Q86Y39,ENSG00000174886
Q86Y56,ENSG00000164818
Q86Y91,ENSG00000186185
Q86YA3,ENSG00000138658
Q86YD1,ENSG00000104960
Q86YH6,ENSG00000164494
Q86YJ6,ENSG00000144115
Q86YM7,ENSG00000152413
Q86YP4,ENSG00000167491
Q86YQ8,ENSG00000139117
Q86YS7,ENSG00000111731
Q86YV0,ENSG00000105122
Q86YV5,ENSG00000275342
Q86YW9,ENSG00000144893
Q86Z02,ENSG00000163349
Q8IU68,ENSG00000167895
Q8IU81,ENSG00000170604
Q8IU85,ENSG00000183049
Q8IUD2,ENSG00000082805
Q8IUG5,ENSG00000133454
Q8IUH3,ENSG00000155636
Q8IUI8,ENSG00000176390
Q8IUR0,ENSG00000181029
Q8IUR7,ENSG00000114098
Q8IUX1,ENSG00000171204
Q8IUX7,ENSG00000106624
Q8IUZ5,ENSG00000175309
Q8IV38,ENSG00000106524
Q8IV53,ENSG00000205744
Q8IV63,ENSG00000105053
Q8IVD9,ENSG00000015676
Q8IVF2,ENSG00000185567
Q8IVF7,ENSG00000161791
Q8IVG5,ENSG00000177409
Q8IVH2,ENSG00000137166
Q8IVJ1,ENSG00000133065
Q8IVL5,ENSG00000090530
Q8IVL6,ENSG00000110811
Q8IVM0,ENSG00000152492
Q8IVS8,ENSG00000168237
Q8IW35,ENSG00000182504
Q8IW93,ENSG00000142632
Q8IWA0,ENSG00000115368
Q8IWA4,ENSG00000171109
Q8IWA5,ENSG00000129353
Q8IWB7,ENSG00000085449
Q8IWC1,ENSG00000129680
Q8IWD4,ENSG00000159873
Q8IWE2,ENSG00000197712
Q8IWE5,ENSG00000116786
Q8IWF6,ENSG00000174839
Q8IWI9,ENSG00000174197
Q8IWJ2,ENSG00000135968
Q8IWR0,ENSG00000122299
Q8IWR1,ENSG00000213186
Q8IWT3,ENSG00000112659
Q8IWU2,ENSG00000164715
Q8IWU5,ENSG00000196562
Q8IWV7,ENSG00000159459
Q8IWV8,ENSG00000024048
Q8IWX5,ENSG00000163082
Q8IWX8,ENSG00000085872
Q8IWY9,ENSG00000140326
Q8IWZ3,ENSG00000131503
Q8IWZ3,ENSG00000254996
Q8IWZ6,ENSG00000138686
Q8IWZ8,ENSG00000105705
Q8IX01,ENSG00000064607
Q8IX12,ENSG00000060339
Q8IX18,ENSG00000108406
Q8IX21,ENSG00000119906
Q8IX90,ENSG00000165480
Q8IXB1,ENSG00000077232
Q8IXH7,ENSG00000101158
Q8IXI1,ENSG00000140983
Q8IXI2,ENSG00000126858
Q8IXJ9,ENSG00000171456
Q8IXQ5,ENSG00000122550
Q8IXQ6,ENSG00000138496
Q8IXT5,ENSG00000183808
Q8IXW5,ENSG00000122484
Q8IY17,ENSG00000032444
Q8IY18,ENSG00000198887
Q8IY21,ENSG00000137628
Q8IY22,ENSG00000153815
Q8IY34,ENSG00000110446
Q8IY37,ENSG00000150990
Q8IY47,ENSG00000170852
Q8IY63,ENSG00000166025
Q8IY81,ENSG00000108592
Q8IYB3,ENSG00000133226
Q8IYB7,ENSG00000144535
Q8IYD8,ENSG00000187790
Q8IYI6,ENSG00000116903
Q8IYK4,ENSG00000198756
Q8IYM9,ENSG00000132274
Q8IYT2,ENSG00000180917
Q8IYU8,ENSG00000165487
Q8IYX8,ENSG00000183137
Q8IZ07,ENSG00000076513
Q8IZ52,ENSG00000123989
Q8IZ73,ENSG00000166133
Q8IZ83,ENSG00000161618
Q8IZE3,ENSG00000000457
Q8IZH2,ENSG00000114127
Q8IZL8,ENSG00000141456
Q8IZM8,ENSG00000175105
Q8IZP0,ENSG00000136754
Q8IZQ1,ENSG00000163625
Q8IZT6,ENSG00000066279
Q8IZV5,ENSG00000121039
Q8IZY2,ENSG00000064687
Q8N0S6,ENSG00000120334
Q8N0T1,ENSG00000176731
Q8N0W3,ENSG00000157353
Q8N0W4,ENSG00000146938
Q8N0X2,ENSG00000144451
Q8N0X4,ENSG00000125246
Q8N0X7,ENSG00000133104
Q8N0Z3,ENSG00000163611
Q8N108,ENSG00000198160
Q8N122,ENSG00000141564
Q8N128,ENSG00000151327
Q8N137,ENSG00000170037
Q8N138,ENSG00000172057
Q8N139,ENSG00000154262
Q8N157,ENSG00000135541
Q8N163,ENSG00000158941
Q8N196,ENSG00000177045
Q8N1B3,ENSG00000262919
Q8N1B4,ENSG00000223501
Q8N1E6,ENSG00000171823
Q8N1F7,ENSG00000102900
Q8N1F8,ENSG00000144589
Q8N1G2,ENSG00000137200
Q8N1G4,ENSG00000130764
Q8N1W1,ENSG00000214944
Q8N1W2,ENSG00000140548
Q8N201,ENSG00000164880
Q8N283,ENSG00000198483
Q8N2K1,ENSG00000160087
Q8N2Z9,ENSG00000175279
Q8N2Z9,ENSG00000251503
Q8N302,ENSG00000164252
Q8N357,ENSG00000213699
Q8N3A8,ENSG00000151883
Q8N3C0,ENSG00000112249
Q8N3I7,ENSG00000163093
Q8N3J2,ENSG00000101574
Q8N3J3,ENSG00000125319
Q8N3J5,ENSG00000163644
Q8N3P4,ENSG00000156931
Q8N3S3,ENSG00000006576
Q8N3U4,ENSG00000101972
Q8N3Z3,ENSG00000163607
Q8N442,ENSG00000151806
Q8N4C6,ENSG00000100503
Q8N4C8,ENSG00000141503
Q8N4H5,ENSG00000175768
Q8N4J0,ENSG00000156017
Q8N4N3,ENSG00000135686
Q8N4Q0,ENSG00000180011
Q8N4S0,ENSG00000149231
Q8N4S7,ENSG00000162073
Q8N4T0,ENSG00000165078
Q8N4U5,ENSG00000166046
Q8N511,ENSG00000244045
Q8N531,ENSG00000182325
Q8N543,ENSG00000087263
Q8N5C6,ENSG00000068784
Q8N5G2,ENSG00000204178
Q8N5H7,ENSG00000095370
Q8N5I4,ENSG00000169084
Q8N5M4,ENSG00000162222
Q8N5M9,ENSG00000171135
Q8N5T2,ENSG00000109680
Q8N5U6,ENSG00000022840
Q8N5V2,ENSG00000066248
Q8N5Y2,ENSG00000005302
Q8N653,ENSG00000099949
Q8N680,ENSG00000181472
Q8N682,ENSG00000136048
Q8N684,ENSG00000149532
Q8N697,ENSG00000139370
Q8N6L1,ENSG00000163463
Q8N6S4,ENSG00000118454
Q8N6S5,ENSG00000177917
Q8N6T7,ENSG00000077463
Q8N6V9,ENSG00000151575
Q8N766,ENSG00000127463
Q8N884,ENSG00000164430
Q8N8A6,ENSG00000185163
Q8N8D1,ENSG00000090470
Q8N8V2,ENSG00000213512
Q8N8Y2,ENSG00000147614
Q8N961,ENSG00000166016
Q8N983,ENSG00000055950
Q8N9M1,ENSG00000160392
Q8N9N2,ENSG00000138303
Q8N9T8,ENSG00000129347
Q8NA42,ENSG00000188283
Q8NA72,ENSG00000152359
Q8NAF0,ENSG00000218891
Q8NAP3,ENSG00000177311
Q8NB14,ENSG00000170185
Q8NB46,ENSG00000139645
Q8NB66,ENSG00000137766
Q8NB91,ENSG00000181544
Q8NBE8,ENSG00000213160
Q8NBF2,ENSG00000196865
Q8NBF6,ENSG00000105778
Q8NBI5,ENSG00000134802
Q8NBJ5,ENSG00000130309
Q8NBM8,ENSG00000145882
Q8NBP0,ENSG00000143643
Q8NBQ5,ENSG00000198189
Q8NBS9,ENSG00000239264
Q8NBU5,ENSG00000138138
Q8NBX0,ENSG00000143653
Q8NBZ0,ENSG00000169592
Q8NC44,ENSG00000144567
Q8NC51,ENSG00000142864
Q8NCD3,ENSG00000123485
Q8NCF5,ENSG00000176953
Q8NCH0,ENSG00000169105
Q8NCJ5,ENSG00000167778
Q8NCM8,ENSG00000187240
Q8NCT1,ENSG00000140450
Q8NCW0,ENSG00000131650
Q8NCW5,ENSG00000163382
Q8NCY6,ENSG00000170903
Q8ND04,ENSG00000167447
Q8ND30,ENSG00000166387
Q8ND61,ENSG00000131379
Q8ND83,ENSG00000139737
Q8ND90,ENSG00000176903
Q8NDA8,ENSG00000179832
Q8NDB2,ENSG00000153064
Q8NDC0,ENSG00000168175
Q8NDI1,ENSG00000115504
Q8NDX1,ENSG00000125637
Q8NDX5,ENSG00000173889
Q8NDZ2,ENSG00000170085
Q8NDZ6,ENSG00000164180
Q8NE00,ENSG00000109066
Q8NE01,ENSG00000168763
Q8NE35,ENSG00000107864
Q8NE71,ENSG00000204574
Q8NEA4,ENSG00000153832
Q8NEB9,ENSG00000078142
Q8NEG7,ENSG00000205593
Q8NEJ9,ENSG00000129460
Q8NEL9,ENSG00000100523
Q8NEM2,ENSG00000171241
Q8NEN9,ENSG00000165650
Q8NEU8,ENSG00000136044
Q8NEW0,ENSG00000162695
Q8NEY1,ENSG00000134369
Q8NEY4,ENSG00000143882
Q8NEY8,ENSG00000134283
Q8NEZ3,ENSG00000157796
Q8NEZ4,ENSG00000055609
Q8NF37,ENSG00000153395
Q8NF50,ENSG00000107099
Q8NF64,ENSG00000122515
Q8NF91,ENSG00000131018
Q8NFA0,ENSG00000170832
Q8NFB2,ENSG00000269556
Q8NFC6,ENSG00000038219
Q8NFD5,ENSG00000049618
Q8NFF5,ENSG00000160688
Q8NFH4,ENSG00000075188
Q8NFH5,ENSG00000163002
Q8NFJ5,ENSG00000013588
Q8NFJ9,ENSG00000174483
Q8NFJ9,ENSG00000256349
Q8NFQ8,ENSG00000169905
Q8NFZ0,ENSG00000134452
Q8NFZ5,ENSG00000168884
Q8NG27,ENSG00000181191
Q8NG31,ENSG00000137812
Q8NHH9,ENSG00000119787
Q8NHJ6,ENSG00000186818
Q8NHM5,ENSG00000089094
Q8NHQ9,ENSG00000111364
Q8NHU6,ENSG00000196116
Q8NHV4,ENSG00000139350
Q8NI08,ENSG00000111912
Q8NI27,ENSG00000125676
Q8NI36,ENSG00000134987
Q8NI77,ENSG00000121621
Q8TA94,ENSG00000188868
Q8TAE8,ENSG00000179271
Q8TAF3,ENSG00000114742
Q8TAG9,ENSG00000138190
Q8TAM1,ENSG00000179941
Q8TAP6,ENSG00000101624
Q8TAP8,ENSG00000160813
Q8TAP9,ENSG00000168303
Q8TAS1,ENSG00000152332
Q8TAT5,ENSG00000109674
Q8TAT6,ENSG00000182446
Q8TB24,ENSG00000100599
Q8TB36,ENSG00000104381
Q8TB61,ENSG00000157593
Q8TB72,ENSG00000055917
Q8TB96,ENSG00000129636
Q8TBB0,ENSG00000174796
Q8TBC3,ENSG00000160410
Q8TBE0,ENSG00000140320
Q8TBK2,ENSG00000103037
Q8TBX8,ENSG00000166908
Q8TC12,ENSG00000072042
Q8TCG1,ENSG00000163507
Q8TCG2,ENSG00000038210
Q8TCJ0,ENSG00000147364
Q8TCJ2,ENSG00000163527
Q8TCN5,ENSG00000168813
Q8TCT6,ENSG00000157837
Q8TCT7,ENSG00000005206
Q8TCT9,ENSG00000101294
Q8TCU4,ENSG00000116127
Q8TCU6,ENSG00000124126
Q8TCY9,ENSG00000106608
Q8TD16,ENSG00000185963
Q8TD19,ENSG00000119638
Q8TD26,ENSG00000124177
Q8TD31,ENSG00000204536
Q8TD47,ENSG00000280969
Q8TDB6,ENSG00000163840
Q8TDD1,ENSG00000123064
Q8TDJ6,ENSG00000104093
Q8TDN4,ENSG00000134508
Q8TDW0,ENSG00000171488
Q8TDW4,ENSG00000007341
Q8TDW7,ENSG00000165323
Q8TDX6,ENSG00000147408
Q8TDX7,ENSG00000151414
Q8TDY2,ENSG00000023287
Q8TDZ2,ENSG00000135596
Q8TE76,ENSG00000133131
Q8TE82,ENSG00000125089
Q8TEA7,ENSG00000145348
Q8TEA8,ENSG00000125821
Q8TEB9,ENSG00000144468
Q8TED0,ENSG00000164338
Q8TEH3,ENSG00000119522
Q8TEK3,ENSG00000104885
Q8TEL6,ENSG00000100991
Q8TEM1,ENSG00000132182
Q8TEP8,ENSG00000101639
Q8TEQ0,ENSG00000048471
Q8TEQ6,ENSG00000082516
Q8TEQ8,ENSG00000165282
Q8TES7,ENSG00000188878
Q8TET4,ENSG00000214013
Q8TEU7,ENSG00000158987
Q8TEV9,ENSG00000176994
Q8TEW0,ENSG00000148498
Q8TEX9,ENSG00000196497
Q8TEY7,ENSG00000077254
Q8TEZ7,ENSG00000170915
Q8TF05,ENSG00000154845
Q8TF40,ENSG00000217128
Q8TF46,ENSG00000166938
Q8TF62,ENSG00000104043
Q8TF72,ENSG00000138771
Q8TF74,ENSG00000171475
Q8WTP8,ENSG00000181026
Q8WTT2,ENSG00000173145
Q8WTW3,ENSG00000166685
Q8WTW4,ENSG00000114388
Q8WU10,ENSG00000121350
Q8WU17,ENSG00000170881
Q8WU39,ENSG00000170476
Q8WU67,ENSG00000158201
Q8WU76,ENSG00000184178
Q8WU79,ENSG00000084070
Q8WUA2,ENSG00000131013
Q8WUA4,ENSG00000115207
Q8WUA7,ENSG00000054611
Q8WUB8,ENSG00000130024
Q8WUD6,ENSG00000111666
Q8WUF5,ENSG00000104881
Q8WUF8,ENSG00000113391
Q8WUH2,ENSG00000135966
Q8WUI4,ENSG00000061273
Q8WUJ3,ENSG00000103888
Q8WUM0,ENSG00000069248
Q8WUM4,ENSG00000170248
Q8WUM9,ENSG00000144136
Q8WUU4,ENSG00000170684
Q8WUX1,ENSG00000017483
Q8WUX9,ENSG00000147457
Q8WUY3,ENSG00000106772
Q8WUY9,ENSG00000035499
Q8WV16,ENSG00000119599
Q8WV28,ENSG00000095585
Q8WV44,ENSG00000146063
Q8WV92,ENSG00000158411
Q8WVB3,ENSG00000169660
Q8WVB6,ENSG00000127586
Q8WVC6,ENSG00000172992
Q8WVK7,ENSG00000182628
Q8WVM0,ENSG00000029639
Q8WVM7,ENSG00000118007
Q8WVM8,ENSG00000092108
Q8WVP7,ENSG00000105983
Q8WVT3,ENSG00000171853
Q8WVV5,ENSG00000124508
Q8WVX9,ENSG00000197601
Q8WVY7,ENSG00000164332
Q8WVZ9,ENSG00000120696
Q8WW24,ENSG00000163060
Q8WW59,ENSG00000176422
Q8WWH5,ENSG00000165832
Q8WWI1,ENSG00000136153
Q8WWI5,ENSG00000070214
Q8WWM7,ENSG00000168488
Q8WWQ0,ENSG00000146247
Q8WWW0,ENSG00000266094
Q8WWY3,ENSG00000105618
Q8WWZ7,ENSG00000154265
Q8WX92,ENSG00000188986
Q8WX93,ENSG00000129116
Q8WXE1,ENSG00000164053
Q8WXG6,ENSG00000110514
Q8WXH0,ENSG00000054654
Q8WXI7,ENSG00000181143
Q8WXI9,ENSG00000143614
Q8WXW3,ENSG00000083535
Q8WXX5,ENSG00000213551
Q8WXX7,ENSG00000158321
Q8WY22,ENSG00000184992
Q8WY64,ENSG00000007944
Q8WY91,ENSG00000176946
Q8WYA0,ENSG00000122970
Q8WYA1,ENSG00000029153
Q8WYA6,ENSG00000132792
Q8WYB5,ENSG00000156650
Q8WYJ6,ENSG00000180096
Q8WYN3,ENSG00000178662
Q8WYP5,ENSG00000153207
Q8WYR1,ENSG00000141506
Q8WZ19,ENSG00000174943
Q8WZ60,ENSG00000172578
Q8WZ64,ENSG00000047365
Q8WZA9,ENSG00000167378
Q92466,ENSG00000134574
Q92499,ENSG00000079785
Q92502,ENSG00000130052
Q92503,ENSG00000129657
Q92504,ENSG00000112473
Q92508,ENSG00000103335
Q92526,ENSG00000132141
Q92530,ENSG00000125818
Q92538,ENSG00000107862
Q92540,ENSG00000116698
Q92541,ENSG00000137815
Q92542,ENSG00000162736
Q92544,ENSG00000101337
Q92545,ENSG00000075568
Q92547,ENSG00000163781
Q92551,ENSG00000176095
Q92552,ENSG00000113048
Q92556,ENSG00000155849
Q92558,ENSG00000112290
Q92560,ENSG00000163930
Q92562,ENSG00000112367
Q92572,ENSG00000177879
Q92574,ENSG00000165699
Q92575,ENSG00000144224
Q92576,ENSG00000118482
Q92585,ENSG00000161021
Q92598,ENSG00000120694
Q92599,ENSG00000164402
Q92600,ENSG00000144580
Q92604,ENSG00000123684
Q92608,ENSG00000134516
Q92609,ENSG00000131374
Q92611,ENSG00000134109
Q92613,ENSG00000102221
Q92614,ENSG00000196535
Q92615,ENSG00000107929
Q92616,ENSG00000089154
Q92619,ENSG00000180448
Q92620,ENSG00000140829
Q92621,ENSG00000155561
Q92624,ENSG00000062725
Q92626,ENSG00000130508
Q92643,ENSG00000142892
Q92667,ENSG00000121057
Q92673,ENSG00000137642
Q92674,ENSG00000102384
Q92685,ENSG00000214160
Q92688,ENSG00000136938
Q92696,ENSG00000100949
Q92698,ENSG00000085999
Q92729,ENSG00000060656
Q92753,ENSG00000198963
Q92759,ENSG00000213780
Q92766,ENSG00000124782
Q92769,ENSG00000196591
Q92783,ENSG00000136738
Q92791,ENSG00000141696
Q92793,ENSG00000005339
Q92794,ENSG00000083168
Q92797,ENSG00000125755
Q92802,ENSG00000244754
Q92805,ENSG00000136935
Q92813,ENSG00000211448
Q92830,ENSG00000108773
Q92835,ENSG00000168918
Q92841,ENSG00000100201
Q92845,ENSG00000075945
Q92851,ENSG00000003400
Q92878,ENSG00000113522
Q92879,ENSG00000149187
Q92888,ENSG00000076928
Q92889,ENSG00000175595
Q92896,ENSG00000090863
Q92900,ENSG00000005007
Q92902,ENSG00000107521
Q92905,ENSG00000121022
Q92917,ENSG00000068394
Q92918,ENSG00000104814
Q92922,ENSG00000173473
Q92925,ENSG00000108604
Q92932,ENSG00000155093
Q92945,ENSG00000088247
Q92947,ENSG00000105607
Q92963,ENSG00000143622
Q92966,ENSG00000164975
Q92973,ENSG00000083312
Q92974,ENSG00000116584
Q92985,ENSG00000185507
Q92989,ENSG00000172409
Q92993,ENSG00000172977
Q92994,ENSG00000185024
Q92995,ENSG00000058056
Q92997,ENSG00000161202
Q93008,ENSG00000124486
Q93009,ENSG00000187555
Q93050,ENSG00000033627
Q93052,ENSG00000145012
Q93063,ENSG00000151348
Q93073,ENSG00000138593
Q93074,ENSG00000184634
Q93075,ENSG00000157014
Q93084,ENSG00000074370
Q93100,ENSG00000102893
Q969E2,ENSG00000227500
Q969F9,ENSG00000163755
Q969G3,ENSG00000073584
Q969G5,ENSG00000170955
Q969H6,ENSG00000167272
Q969H8,ENSG00000074842
Q969K3,ENSG00000170633
Q969K4,ENSG00000114626
Q969M1,ENSG00000158882
Q969N2,ENSG00000124155
Q969P6,ENSG00000184428
Q969S3,ENSG00000173545
Q969S8,ENSG00000100429
Q969S9,ENSG00000164347
Q969T9,ENSG00000132471
Q969U6,ENSG00000159069
Q969V3,ENSG00000125912
Q969V5,ENSG00000090432
Q969V6,ENSG00000196588
Q969X0,ENSG00000150977
Q969X1,ENSG00000135926
Q969X5,ENSG00000113719
Q969X6,ENSG00000141076
Q969Z0,ENSG00000136270
Q96A05,ENSG00000250565
Q96A26,ENSG00000114023
Q96A33,ENSG00000108588
Q96A54,ENSG00000159346
Q96A65,ENSG00000131558
Q96AA3,ENSG00000163933
Q96AB3,ENSG00000063241
Q96AC1,ENSG00000073712
Q96AD5,ENSG00000177666
Q96AE7,ENSG00000052841
Q96AG3,ENSG00000164209
Q96AP0,ENSG00000102977
Q96AQ1,ENSG00000163040
Q96AV8,ENSG00000165891
Q96AX1,ENSG00000139719
Q96AY3,ENSG00000141756
Q96AY4,ENSG00000100154
Q96B01,ENSG00000111247
Q96B26,ENSG00000120699
Q96B97,ENSG00000147010
Q96BA8,ENSG00000157613
Q96BI3,ENSG00000117362
Q96BN2,ENSG00000152382
Q96BU1,ENSG00000116497
Q96BX8,ENSG00000172081
Q96BY2,ENSG00000165943
Q96BY6,ENSG00000135905
Q96BY7,ENSG00000066739
Q96BY9,ENSG00000133872
Q96BZ4,ENSG00000166428
Q96BZ9,ENSG00000125875
Q96C03,ENSG00000177427
Q96C10,ENSG00000108771
Q96C45,ENSG00000168038
Q96CD2,ENSG00000138621
Q96CG3,ENSG00000145365
Q96CN7,ENSG00000066583
Q96CN9,ENSG00000179562
Q96CP6,ENSG00000089351
Q96CQ1,ENSG00000114120
Q96CS2,ENSG00000152240
Q96CS3,ENSG00000113194
Q96CS7,ENSG00000115762
Q96CT2,ENSG00000119771
Q96CU9,ENSG00000110074
Q96CW1,ENSG00000161203
Q96CW5,ENSG00000126216
Q96D46,ENSG00000169251
Q96D70,ENSG00000198858
Q96DB5,ENSG00000176623
Q96DB9,ENSG00000089327
Q96DC7,ENSG00000113119
Q96DE0,ENSG00000198585
Q96DF8,ENSG00000100056
Q96DI7,ENSG00000060688
Q96DM3,ENSG00000141452
Q96DN6,ENSG00000166987
Q96DT7,ENSG00000205189
Q96DU7,ENSG00000086544
Q96DY7,ENSG00000172167
Q96DZ1,ENSG00000068912
Q96DZ7,ENSG00000145107
Q96E22,ENSG00000153989
Q96E52,ENSG00000162600
Q96EA4,ENSG00000040275
Q96EF0,ENSG00000102043
Q96EH3,ENSG00000156928
Q96EK5,ENSG00000198954
Q96EK6,ENSG00000100522
Q96EK7,ENSG00000112584
Q96EK9,ENSG00000198841
Q96EN8,ENSG00000075643
Q96EP0,ENSG00000092098
Q96ER3,ENSG00000166788
Q96ER9,ENSG00000164051
Q96ES6,ENSG00000167700
Q96EU7,ENSG00000171155
Q96EV2,ENSG00000184863
Q96EX2,ENSG00000135119
Q96EY1,ENSG00000103423
Q96EY5,ENSG00000141971
Q96EY7,ENSG00000132300
Q96EY8,ENSG00000139428
Q96EZ8,ENSG00000187778
Q96F05,ENSG00000171067
Q96F07,ENSG00000055163
Q96F44,ENSG00000154370
Q96F81,ENSG00000154309
Q96F86,ENSG00000179151
Q96FA3,ENSG00000197329
Q96FB5,ENSG00000143303
Q96FJ0,ENSG00000138134
Q96FS4,ENSG00000213445
Q96FZ2,ENSG00000183624
Q96G01,ENSG00000151746
Q96G03,ENSG00000169299
Q96G04,ENSG00000118894
Q96G21,ENSG00000136718
Q96G23,ENSG00000143418
Q96G25,ENSG00000159479
Q96G74,ENSG00000068308
Q96G75,ENSG00000145916
Q96G91,ENSG00000244165
Q96G97,ENSG00000168000
Q96GA7,ENSG00000139410
Q96GC6,ENSG00000171606
Q96GC9,ENSG00000062716
Q96GD4,ENSG00000178999
Q96GE4,ENSG00000258890
Q96GE9,ENSG00000137038
Q96GK7,ENSG00000115042
Q96GQ5,ENSG00000140688
Q96GQ7,ENSG00000124228
Q96GW9,ENSG00000247626
Q96GX5,ENSG00000120539
Q96GX9,ENSG00000149089
Q96GZ6,ENSG00000114544
Q96H22,ENSG00000166451
Q96H35,ENSG00000119446
Q96H55,ENSG00000278259
Q96H78,ENSG00000160785
Q96H79,ENSG00000146858
Q96HA1,ENSG00000196313
Q96HA7,ENSG00000160949
Q96HA8,ENSG00000156795
Q96HE9,ENSG00000068489
Q96HM7,ENSG00000179715
Q96HN2,ENSG00000158467
Q96HP0,ENSG00000130158
Q96HQ2,ENSG00000237190
Q96HR3,ENSG00000164758
Q96HR8,ENSG00000145414
Q96HT8,ENSG00000178988
Q96HU1,ENSG00000100359
Q96HV5,ENSG00000163900
Q96HW7,ENSG00000149262
Q96HY6,ENSG00000198171
Q96I15,ENSG00000132330
Q96I24,ENSG00000107164
Q96I51,ENSG00000274523
Q96IC2,ENSG00000005189
Q96II8,ENSG00000186001
Q96IJ6,ENSG00000144591
Q96IK0,ENSG00000091947
Q96IR7,ENSG00000186603
Q96IT1,ENSG00000162714
Q96IZ0,ENSG00000177425
Q96J01,ENSG00000051596
Q96J42,ENSG00000113621
Q96JA3,ENSG00000106086
Q96JB2,ENSG00000136152
Q96JB5,ENSG00000108465
Q96JC1,ENSG00000166887
Q96JG6,ENSG00000004766
Q96JH7,ENSG00000175073
Q96JH8,ENSG00000157927
Q96JI7,ENSG00000104133
Q96JJ3,ENSG00000062598
Q96JJ7,ENSG00000166479
Q96JK2,ENSG00000139990
Q96JM2,ENSG00000148143
Q96JM3,ENSG00000198824
Q96JM7,ENSG00000198945
Q96JY6,ENSG00000120913
Q96K12,ENSG00000064763
Q96K17,ENSG00000134717
Q96K37,ENSG00000127526
Q96K58,ENSG00000167394
Q96K76,ENSG00000170242
Q96K80,ENSG00000135482
Q96K83,ENSG00000198795
Q96KA5,ENSG00000049656
Q96KC8,ENSG00000136770
Q96KP1,ENSG00000112685
Q96KQ7,ENSG00000204371
Q96KR1,ENSG00000056097
Q96KV7,ENSG00000161996
Q96L34,ENSG00000007047
Q96L50,ENSG00000165501
Q96L73,ENSG00000165671
Q96L91,ENSG00000183495
Q96L92,ENSG00000143376
Q96L93,ENSG00000089177
Q96LB3,ENSG00000096872
Q96LI5,ENSG00000138767
Q96LT4,ENSG00000156671
Q96LT9,ENSG00000185946
Q96M27,ENSG00000164244
Q96M60,ENSG00000166262
Q96M94,ENSG00000174010
Q96MD2,ENSG00000174206
Q96ME1,ENSG00000155034
Q96ME7,ENSG00000243943
Q96MG7,ENSG00000185115
Q96MH7,ENSG00000172244
Q96MN5,ENSG00000116205
Q96MT1,ENSG00000145860
Q96MT8,ENSG00000182923
Q96MU7,ENSG00000083896
Q96MW5,ENSG00000213380
Q96MX3,ENSG00000180035
Q96N11,ENSG00000146576
Q96N21,ENSG00000167302
Q96N23,ENSG00000188596
Q96N46,ENSG00000163728
Q96N67,ENSG00000116641
Q96NA2,ENSG00000167705
Q96NC0,ENSG00000146007
Q96NE9,ENSG00000139926
Q96NH3,ENSG00000146350
Q96NL6,ENSG00000151466
Q96NM4,ENSG00000124191
Q96NW4,ENSG00000105186
Q96P16,ENSG00000141425
Q96P47,ENSG00000133612
Q96P48,ENSG00000186635
Q96P53,ENSG00000139668
Q96P70,ENSG00000198700
Q96PE1,ENSG00000020181
Q96PE3,ENSG00000040933
Q96PK6,ENSG00000239306
Q96PK6,ENSG00000248643
Q96PP9,ENSG00000162654
Q96PQ6,ENSG00000130803
Q96PQ7,ENSG00000109790
Q96PU8,ENSG00000112531
Q96PV0,ENSG00000197283
Q96PV6,ENSG00000167615
Q96PZ0,ENSG00000091127
Q96PZ2,ENSG00000166801
Q96PZ7,ENSG00000183117
Q96Q05,ENSG00000167632
Q96Q07,ENSG00000183826
Q96Q15,ENSG00000157106
Q96Q27,ENSG00000100628
Q96Q40,ENSG00000138395
Q96Q42,ENSG00000003393
Q96Q89,ENSG00000138182
Q96QB1,ENSG00000164741
Q96QD8,ENSG00000134294
Q96QD9,ENSG00000122068
Q96QE3,ENSG00000176208
Q96QK1,ENSG00000069329
Q96QT4,ENSG00000092439
Q96QU8,ENSG00000169180
Q96R06,ENSG00000076382
Q96RD7,ENSG00000110218
Q96RD9,ENSG00000143297
Q96RG2,ENSG00000115687
Q96RK0,ENSG00000079432
Q96RK4,ENSG00000140463
Q96RL7,ENSG00000197969
Q96RN5,ENSG00000099917
Q96RP9,ENSG00000168827
Q96RS0,ENSG00000137574
Q96RS6,ENSG00000120526
Q96RT1,ENSG00000112851
Q96RT7,ENSG00000128159
Q96RT8,ENSG00000275835
Q96RU2,ENSG00000048028
Q96RU3,ENSG00000187239
Q96RU7,ENSG00000101255
Q96RV3,ENSG00000100731
Q96RY5,ENSG00000007545
Q96RY7,ENSG00000187535
Q96S15,ENSG00000127580
Q96S21,ENSG00000197562
Q96S52,ENSG00000087111
Q96S55,ENSG00000124535
Q96S66,ENSG00000121940
Q96S82,ENSG00000138629
Q96S94,ENSG00000221978
Q96S97,ENSG00000179820
Q96SA4,ENSG00000168528
Q96SB4,ENSG00000096063
Q96SB8,ENSG00000163029
Q96SI9,ENSG00000165209
Q96SK2,ENSG00000146842
Q96SM3,ENSG00000088882
Q96SN7,ENSG00000160991
Q96SN8,ENSG00000136861
Q96ST2,ENSG00000163166
Q96ST3,ENSG00000169375
Q96SU4,ENSG00000117859
Q96SZ6,ENSG00000101391
Q96T21,ENSG00000187742
Q96T23,ENSG00000048649
Q96T49,ENSG00000101445
Q96T58,ENSG00000065526
Q96T76,ENSG00000155229
Q96T83,ENSG00000065923
Q96T88,ENSG00000276043
Q96TA1,ENSG00000136830
Q96TA2,ENSG00000136758
Q96TC7,ENSG00000137824
Q99081,ENSG00000140262
Q99417,ENSG00000214114
Q99426,ENSG00000105254
Q99436,ENSG00000136930
Q99437,ENSG00000117410
Q99439,ENSG00000064666
Q99459,ENSG00000096401
Q99460,ENSG00000173692
Q99467,ENSG00000134061
Q99471,ENSG00000123349
Q99497,ENSG00000116288
Q99504,ENSG00000158161
Q99538,ENSG00000100600
Q99541,ENSG00000147872
Q99550,ENSG00000051825
Q99558,ENSG00000006062
Q99567,ENSG00000108559
Q99569,ENSG00000144283
Q99570,ENSG00000196455
Q99583,ENSG00000070444
Q99590,ENSG00000139218
Q99598,ENSG00000116918
Q99607,ENSG00000102034
Q99613,ENSG00000184110
Q99615,ENSG00000168259
Q99622,ENSG00000111678
Q99623,ENSG00000215021
Q99640,ENSG00000127564
Q99661,ENSG00000142945
Q99683,ENSG00000197442
Q99685,ENSG00000074416
Q99698,ENSG00000143669
Q99707,ENSG00000116984
Q99715,ENSG00000111799
Q99720,ENSG00000147955
Q99729,ENSG00000197451
Q99733,ENSG00000205531
Q99741,ENSG00000094804
Q99755,ENSG00000143398
Q99767,ENSG00000034053
Q99798,ENSG00000100412
Q99805,ENSG00000125304
Q99808,ENSG00000112759
Q99814,ENSG00000116016
Q99816,ENSG00000074319
Q99828,ENSG00000185043
Q99832,ENSG00000135624
Q99836,ENSG00000172936
Q99873,ENSG00000126457
Q99941,ENSG00000213676
Q99943,ENSG00000204310
Q99961,ENSG00000141985
Q99967,ENSG00000164442
Q99973,ENSG00000129566
Q99986,ENSG00000100749
Q99996,ENSG00000127914
Q9BPX3,ENSG00000109805
Q9BPX5,ENSG00000136950
Q9BQ04,ENSG00000173914
Q9BQ13,ENSG00000151364
Q9BQ65,ENSG00000103005
Q9BQ67,ENSG00000105447
Q9BQ70,ENSG00000141002
Q9BQ75,ENSG00000184220
Q9BQ83,ENSG00000132207
Q9BQ83,ENSG00000181625
Q9BQA1,ENSG00000116455
Q9BQA9,ENSG00000178927
Q9BQB6,ENSG00000167397
Q9BQC3,ENSG00000132768
Q9BQE3,ENSG00000167553
Q9BQF6,ENSG00000138468
Q9BQG0,ENSG00000132382
Q9BQI3,ENSG00000086232
Q9BQS8,ENSG00000163820
Q9BR61,ENSG00000230124
Q9BRB3,ENSG00000007541
Q9BRJ7,ENSG00000168101
Q9BRK4,ENSG00000107816
Q9BRP1,ENSG00000126249
Q9BRQ5,ENSG00000175938
Q9BRQ8,ENSG00000042286
Q9BRR6,ENSG00000159322
Q9BRS2,ENSG00000124784
Q9BRT9,ENSG00000147536
Q9BRV3,ENSG00000169241
Q9BRX5,ENSG00000181938
Q9BRY0,ENSG00000141873
Q9BRZ2,ENSG00000169871
Q9BS16,ENSG00000123219
Q9BS26,ENSG00000023318
Q9BS91,ENSG00000138459
Q9BSA9,ENSG00000127419
Q9BSC4,ENSG00000115761
Q9BSD7,ENSG00000135778
Q9BSF4,ENSG00000142444
Q9BSH3,ENSG00000145029
Q9BSH3,ENSG00000283189
Q9BSJ2,ENSG00000130640
Q9BSJ5,ENSG00000141219
Q9BSJ8,ENSG00000139641
Q9BSK4,ENSG00000141965
Q9BSL1,ENSG00000130560
Q9BSU1,ENSG00000125149
Q9BT17,ENSG00000148824
Q9BT25,ENSG00000131351
Q9BT78,ENSG00000138663
Q9BT92,ENSG00000139437
Q9BTC0,ENSG00000101191
Q9BTC8,ENSG00000057935
Q9BTD8,ENSG00000126254
Q9BTE0,ENSG00000109065
Q9BTE1,ENSG00000166847
Q9BTE3,ENSG00000197771
Q9BTL3,ENSG00000169612
Q9BTL4,ENSG00000160888
Q9BTT0,ENSG00000143401
Q9BTT6,ENSG00000137269
Q9BTV5,ENSG00000105255
Q9BTW9,ENSG00000141556
Q9BTX7,ENSG00000124120
Q9BTY2,ENSG00000001036
Q9BTY7,ENSG00000235173
Q9BU23,ENSG00000100258
Q9BU64,ENSG00000138092
Q9BU89,ENSG00000129932
Q9BUB4,ENSG00000065457
Q9BUB7,ENSG00000175606
Q9BUE0,ENSG00000130772
Q9BUI4,ENSG00000186141
Q9BUJ2,ENSG00000105323
Q9BUL5,ENSG00000040633
Q9BUV8,ENSG00000101084
Q9BUX1,ENSG00000128965
Q9BV44,ENSG00000134077
Q9BV73,ENSG00000126001
Q9BV86,ENSG00000148335
Q9BV87,ENSG00000115649
Q9BV94,ENSG00000088298
Q9BVA0,ENSG00000140854
Q9BVC3,ENSG00000136982
Q9BVG8,ENSG00000140859
Q9BVJ6,ENSG00000156697
Q9BVK2,ENSG00000159063
Q9BVK6,ENSG00000184840
Q9BVK8,ENSG00000105677
Q9BVL4,ENSG00000073169
Q9BVN2,ENSG00000160753
Q9BVP2,ENSG00000163938
Q9BVQ7,ENSG00000171763
Q9BVV6,ENSG00000100578
Q9BVW5,ENSG00000075131
Q9BW19,ENSG00000237649
Q9BW27,ENSG00000125450
Q9BW60,ENSG00000066322
Q9BW66,ENSG00000100865
Q9BW83,ENSG00000100360
Q9BW92,ENSG00000143374
Q9BWD1,ENSG00000120437
Q9BWE0,ENSG00000214022
Q9BWF2,ENSG00000183763
Q9BWF3,ENSG00000173933
Q9BWG4,ENSG00000130511
Q9BWH6,ENSG00000103932
Q9BWL3,ENSG00000143612
Q9BWT1,ENSG00000144354
Q9BWU0,ENSG00000163798
Q9BWW8,ENSG00000221963
Q9BX10,ENSG00000172432
Q9BX40,ENSG00000149657
Q9BX63,ENSG00000136492
Q9BX68,ENSG00000137133
Q9BX70,ENSG00000133243
Q9BXC9,ENSG00000125124
Q9BXI6,ENSG00000099992
Q9BXJ9,ENSG00000164134
Q9BXK5,ENSG00000099968
Q9BXP5,ENSG00000087087
Q9BXR0,ENSG00000213339
Q9BXR5,ENSG00000174123
Q9BXS5,ENSG00000072958
Q9BXS6,ENSG00000137804
Q9BXS6,ENSG00000285920
Q9BXS9,ENSG00000225697
Q9BXW9,ENSG00000144554
Q9BXX0,ENSG00000132205
Q9BXY0,ENSG00000198042
Q9BY08,ENSG00000123179
Q9BY12,ENSG00000140386
Q9BY43,ENSG00000254505
Q9BY50,ENSG00000166562
Q9BY66,ENSG00000012817
Q9BY78,ENSG00000173456
Q9BY84,ENSG00000111266
Q9BYC9,ENSG00000242485
Q9BYD2,ENSG00000143436
Q9BYD3,ENSG00000105364
Q9BYD6,ENSG00000169288
Q9BYG3,ENSG00000155438
Q9BYG5,ENSG00000124171
Q9BYI3,ENSG00000122591
Q9BYJ4,ENSG00000258659
Q9BYJ9,ENSG00000149658
Q9BYK8,ENSG00000130589
Q9BYL1,ENSG00000130590
Q9BYM8,ENSG00000125826
Q9BYN0,ENSG00000271303
Q9BYN8,ENSG00000125901
Q9BYT1,ENSG00000101194
Q9BYT8,ENSG00000123213
Q9BYV8,ENSG00000106477
Q9BYW2,ENSG00000181555
Q9BYX4,ENSG00000115267
Q9BZ23,ENSG00000125779
Q9BZ29,ENSG00000088387
Q9BZ67,ENSG00000126391
Q9BZD4,ENSG00000143228
Q9BZE1,ENSG00000116221
Q9BZE2,ENSG00000110060
Q9BZE4,ENSG00000107937
Q9BZE9,ENSG00000169696
Q9BZF3,ENSG00000079156
Q9BZF9,ENSG00000137831
Q9BZG1,ENSG00000109113
Q9BZH6,ENSG00000120008
Q9BZJ0,ENSG00000101343
Q9BZL4,ENSG00000125503
Q9BZL6,ENSG00000105287
Q9BZQ6,ENSG00000116406
Q9BZQ8,ENSG00000135842
Q9BZR9,ENSG00000171206
Q9BZV1,ENSG00000167671
Q9BZX2,ENSG00000143179
Q9BZZ2,ENSG00000088827
Q9BZZ5,ENSG00000166181
Q9C000,ENSG00000091592
Q9C005,ENSG00000162961
Q9C026,ENSG00000100505
Q9C035,ENSG00000132256
Q9C037,ENSG00000146833
Q9C073,ENSG00000121104
Q9C0A6,ENSG00000168137
Q9C0B0,ENSG00000132478
Q9C0B1,ENSG00000140718
Q9C0B7,ENSG00000103047
Q9C0B9,ENSG00000141664
Q9C0C2,ENSG00000149115
Q9C0C7,ENSG00000110497
Q9C0C9,ENSG00000175931
Q9C0D0,ENSG00000112137
Q9C0D2,ENSG00000166004
Q9C0D3,ENSG00000162378
Q9C0D5,ENSG00000115183
Q9C0D9,ENSG00000138018
Q9C0E2,ENSG00000132953
Q9C0F1,ENSG00000164118
Q9C0G0,ENSG00000215421
Q9C0H6,ENSG00000102271
Q9C0I1,ENSG00000150712
Q9C0J9,ENSG00000123095
Q9C0K1,ENSG00000138821
Q9GZL7,ENSG00000138442
Q9GZM5,ENSG00000137207
Q9GZN7,ENSG00000067836
Q9GZQ3,ENSG00000170619
Q9GZR1,ENSG00000112701
Q9GZR7,ENSG00000089737
Q9GZS1,ENSG00000137054
Q9GZS3,ENSG00000140395
Q9GZT3,ENSG00000119705
Q9GZT4,ENSG00000167720
Q9GZY4,ENSG00000106603
Q9GZY6,ENSG00000086730
Q9GZZ1,ENSG00000121579
Q9GZZ9,ENSG00000081307
Q9H000,ENSG00000075975
Q9H040,ENSG00000010072
Q9H074,ENSG00000172239
Q9H078,ENSG00000162129
Q9H079,ENSG00000134152
Q9H089,ENSG00000041802
Q9H093,ENSG00000163545
Q9H0A0,ENSG00000135372
Q9H0A8,ENSG00000140365
Q9H0A9,ENSG00000160284
Q9H0C5,ENSG00000064726
Q9H0D6,ENSG00000088930
Q9H0E3,ENSG00000136715
Q9H0E9,ENSG00000112983
Q9H0H0,ENSG00000108506
Q9H0H3,ENSG00000183655
Q9H0H5,ENSG00000161800
Q9H0J9,ENSG00000059378
Q9H0K1,ENSG00000170145
Q9H0K6,ENSG00000129317
Q9H0L4,ENSG00000177613
Q9H0M0,ENSG00000123124
Q9H0P0,ENSG00000122643
Q9H0Q0,ENSG00000197872
Q9H0R3,ENSG00000186501
Q9H0R5,ENSG00000117226
Q9H0S4,ENSG00000213782
Q9H0U3,ENSG00000102158
Q9H0W8,ENSG00000105771
Q9H0W9,ENSG00000182919
Q9H0X4,ENSG00000167930
Q9H0X9,ENSG00000021762
Q9H0Z9,ENSG00000132819
Q9H147,ENSG00000101457
Q9H160,ENSG00000168556
Q9H173,ENSG00000120725
Q9H1A3,ENSG00000197006
Q9H1A4,ENSG00000153107
Q9H1B5,ENSG00000015532
Q9H1B7,ENSG00000119669
Q9H1C4,ENSG00000110057
Q9H1D9,ENSG00000132664
Q9H1H9,ENSG00000137177
Q9H1N7,ENSG00000124786
Q9H1P3,ENSG00000130703
Q9H1Y0,ENSG00000057663
Q9H211,ENSG00000167513
Q9H223,ENSG00000103966
Q9H237,ENSG00000102312
Q9H267,ENSG00000184056
Q9H269,ENSG00000215305
Q9H270,ENSG00000160695
Q9H299,ENSG00000142669
Q9H2C2,ENSG00000173409
Q9H2D1,ENSG00000164933
Q9H2D6,ENSG00000100106
Q9H2G4,ENSG00000184205
Q9H2G9,ENSG00000117475
Q9H2H8,ENSG00000240344
Q9H2H9,ENSG00000111371
Q9H2J4,ENSG00000115539
Q9H2K2,ENSG00000107854
Q9H2K8,ENSG00000135090
Q9H2M9,ENSG00000118873
Q9H2P0,ENSG00000101126
Q9H2S1,ENSG00000080709
Q9H2U1,ENSG00000174953
Q9H2X6,ENSG00000064393
Q9H2X8,ENSG00000119632
Q9H2Y7,ENSG00000103994
Q9H307,ENSG00000100941
Q9H3C7,ENSG00000278311
Q9H3E2,ENSG00000109762
Q9H3H1,ENSG00000043514
Q9H3H5,ENSG00000172269
Q9H3K2,ENSG00000165678
Q9H3M7,ENSG00000265972
Q9H3P7,ENSG00000182827
Q9H3R0,ENSG00000107077
Q9H3R5,ENSG00000153044
Q9H3S7,ENSG00000076201
Q9H3U1,ENSG00000140553
Q9H400,ENSG00000203896
Q9H422,ENSG00000110422
Q9H425,ENSG00000119280
Q9H469,ENSG00000107872
Q9H477,ENSG00000171174
Q9H490,ENSG00000101464
Q9H496,ENSG00000169905
Q9H497,ENSG00000186283
Q9H4A3,ENSG00000060237
Q9H4A6,ENSG00000113384
Q9H4G0,ENSG00000088367
Q9H4H8,ENSG00000101447
Q9H4L4,ENSG00000161956
Q9H4L5,ENSG00000070882
Q9H4L7,ENSG00000163104
Q9H553,ENSG00000119523
Q9H568,ENSG00000117148
Q9H582,ENSG00000122482
Q9H583,ENSG00000119285
Q9H5I5,ENSG00000154864
Q9H5J4,ENSG00000170522
Q9H5K3,ENSG00000185900
Q9H5Z1,ENSG00000101452
Q9H672,ENSG00000183475
Q9H6A9,ENSG00000197136
Q9H6E4,ENSG00000100147
Q9H6K1,ENSG00000196821
Q9H6L2,ENSG00000205084
Q9H6Q4,ENSG00000103245
Q9H6R0,ENSG00000005100
Q9H6R4,ENSG00000165271
Q9H6R7,ENSG00000163026
Q9H6S0,ENSG00000047188
Q9H6T3,ENSG00000005175
Q9H6U6,ENSG00000141376
Q9H6U8,ENSG00000086848
Q9H6V9,ENSG00000118961
Q9H714,ENSG00000102445
Q9H792,ENSG00000173517
Q9H799,ENSG00000197603
Q9H7B2,ENSG00000197498
Q9H7B4,ENSG00000185420
Q9H7D7,ENSG00000162923
Q9H7F0,ENSG00000133657
Q9H7N4,ENSG00000126461
Q9H7P9,ENSG00000090924
Q9H7S9,ENSG00000183779
Q9H7X0,ENSG00000122390
Q9H814,ENSG00000164902
Q9H869,ENSG00000163374
Q9H8E8,ENSG00000149474
Q9H8H0,ENSG00000130935
Q9H8H2,ENSG00000125485
Q9H8K7,ENSG00000119965
Q9H8M1,ENSG00000115520
Q9H8M2,ENSG00000028310
Q9H8T0,ENSG00000166971
Q9H8V3,ENSG00000114346
Q9H8X2,ENSG00000127080
Q9H8Y5,ENSG00000163516
Q9H8Y8,ENSG00000115806
Q9H900,ENSG00000174442
Q9H972,ENSG00000100802
Q9H977,ENSG00000005448
Q9H981,ENSG00000113812
Q9H992,ENSG00000136536
Q9H9A5,ENSG00000182973
Q9H9A6,ENSG00000066557
Q9H9A7,ENSG00000178966
Q9H9B1,ENSG00000181090
Q9H9B4,ENSG00000164466
Q9H9C1,ENSG00000151445
Q9H9E3,ENSG00000103051
Q9H9J2,ENSG00000135900
Q9H9L4,ENSG00000139620
Q9H9Q2,ENSG00000144524
Q9H9T3,ENSG00000134014
Q9H9Y2,ENSG00000117133
Q9H9Y4,ENSG00000142751
Q9H9Y6,ENSG00000125630
Q9HA82,ENSG00000090661
Q9HA92,ENSG00000136444
Q9HAH7,ENSG00000156860
Q9HAP2,ENSG00000175727
Q9HAU8,ENSG00000142327
Q9HAV4,ENSG00000124571
Q9HAW4,ENSG00000092853
Q9HAY2,ENSG00000177383
Q9HB20,ENSG00000116095
Q9HB71,ENSG00000116161
Q9HB96,ENSG00000112039
Q9HBE1,ENSG00000100105
Q9HBE5,ENSG00000103522
Q9HBG6,ENSG00000163913
Q9HBH1,ENSG00000258429
Q9HBH9,ENSG00000099875
Q9HBI0,ENSG00000138964
Q9HBI1,ENSG00000188677
Q9HBI5,ENSG00000114405
Q9HBM6,ENSG00000187325
Q9HBR0,ENSG00000157637
Q9HBU6,ENSG00000139163
Q9HBW0,ENSG00000064547
Q9HBX9,ENSG00000171509
Q9HC07,ENSG00000134851
Q9HC16,ENSG00000239713
Q9HC24,ENSG00000155957
Q9HC35,ENSG00000143924
Q9HC36,ENSG00000171861
Q9HC52,ENSG00000141570
Q9HCC0,ENSG00000131844
Q9HCD6,ENSG00000170921
Q9HCE0,ENSG00000152223
Q9HCE1,ENSG00000155363
Q9HCE3,ENSG00000074657
Q9HCE7,ENSG00000198742
Q9HCE9,ENSG00000074855
Q9HCG8,ENSG00000163510
Q9HCI6,ENSG00000168116
Q9HCJ1,ENSG00000154122
Q9HCK1,ENSG00000204186
Q9HCK8,ENSG00000100888
Q9HCL2,ENSG00000119927
Q9HCM1,ENSG00000174718
Q9HCN3,ENSG00000129925
Q9HCN4,ENSG00000198522
Q9HCS7,ENSG00000076924
Q9HD20,ENSG00000105726
Q9HD23,ENSG00000124532
Q9HD26,ENSG00000047932
Q9HD42,ENSG00000131165
Q9HD45,ENSG00000077147
Q9HD67,ENSG00000145555
Q9HDC9,ENSG00000101474
Q9NNW5,ENSG00000178252
Q9NNX1,ENSG00000143367
Q9NP58,ENSG00000115657
Q9NP61,ENSG00000242247
Q9NP77,ENSG00000160075
Q9NP92,ENSG00000112996
Q9NP97,ENSG00000125971
Q9NPA0,ENSG00000134153
Q9NPA3,ENSG00000165175
Q9NPA8,ENSG00000120533
Q9NPB8,ENSG00000125772
Q9NPC4,ENSG00000128274
Q9NPD7,ENSG00000124785
Q9NPD8,ENSG00000077152
Q9NPE6,ENSG00000061656
Q9NPF2,ENSG00000171310
Q9NPF4,ENSG00000092094
Q9NPF5,ENSG00000178028
Q9NPH0,ENSG00000162836
Q9NPI6,ENSG00000272886
Q9NPI8,ENSG00000183161
Q9NPJ3,ENSG00000112304
Q9NPJ6,ENSG00000136146
Q9NPQ8,ENSG00000177963
Q9NPR9,ENSG00000125734
Q9NQ11,ENSG00000159363
Q9NQ55,ENSG00000130810
Q9NQ55,ENSG00000243207
Q9NQC3,ENSG00000115310
Q9NQC7,ENSG00000083799
Q9NQG5,ENSG00000101413
Q9NQG6,ENSG00000100335
Q9NQG7,ENSG00000100099
Q9NQL2,ENSG00000025039
Q9NQQ7,ENSG00000080189
Q9NQR1,ENSG00000183955
Q9NQS7,ENSG00000149503
Q9NQT4,ENSG00000077348
Q9NQT8,ENSG00000197892
Q9NQW6,ENSG00000011426
Q9NQX4,ENSG00000128833
Q9NQX7,ENSG00000135916
Q9NQZ2,ENSG00000132467
Q9NQZ5,ENSG00000084090
Q9NR09,ENSG00000115760
Q9NR11,ENSG00000089335
Q9NR28,ENSG00000184047
Q9NR30,ENSG00000165732
Q9NR48,ENSG00000116539
Q9NR56,ENSG00000152601
Q9NR71,ENSG00000188611
Q9NR81,ENSG00000163947
Q9NR82,ENSG00000185760
Q9NR96,ENSG00000239732
Q9NRG9,ENSG00000094914
Q9NRJ4,ENSG00000130338
Q9NRK6,ENSG00000135776
Q9NRL2,ENSG00000198604
Q9NRL3,ENSG00000090372
Q9NRN9,ENSG00000138382
Q9NRP4,ENSG00000196636
Q9NRP7,ENSG00000163482
Q9NRR4,ENSG00000113360
Q9NRR5,ENSG00000160803
Q9NRR8,ENSG00000197622
Q9NRW4,ENSG00000112679
Q9NRW7,ENSG00000136631
Q9NRX1,ENSG00000115946
Q9NRX2,ENSG00000158042
Q9NRY4,ENSG00000160007
Q9NRY5,ENSG00000055147
Q9NRZ9,ENSG00000119969
Q9NS00,ENSG00000106392
Q9NS37,ENSG00000137504
Q9NS56,ENSG00000197579
Q9NS73,ENSG00000151332
Q9NS86,ENSG00000132434
Q9NS87,ENSG00000163808
Q9NS93,ENSG00000064115
Q9NSB8,ENSG00000103942
Q9NSD9,ENSG00000116120
Q9NSE2,ENSG00000114737
Q9NSE4,ENSG00000067704
Q9NSG2,ENSG00000000460
Q9NSI6,ENSG00000185658
Q9NSK0,ENSG00000137171
Q9NSP4,ENSG00000100162
Q9NSV4,ENSG00000139734
Q9NT62,ENSG00000144848
Q9NT68,ENSG00000145934
Q9NTI5,ENSG00000083642
Q9NTJ3,ENSG00000113810
Q9NTJ4,ENSG00000140400
Q9NTK5,ENSG00000138430
Q9NTM9,ENSG00000119929
Q9NTX5,ENSG00000093144
Q9NTZ6,ENSG00000244462
Q9NU22,ENSG00000112159
Q9NUA8,ENSG00000184677
Q9NUD7,ENSG00000196476
Q9NUD9,ENSG00000060642
Q9NUJ7,ENSG00000182378
Q9NUL3,ENSG00000040341
Q9NUP1,ENSG00000186222
Q9NUQ2,ENSG00000155189
Q9NUQ3,ENSG00000086712
Q9NUQ6,ENSG00000196141
Q9NUQ8,ENSG00000161204
Q9NUQ9,ENSG00000153310
Q9NUT2,ENSG00000197150
Q9NUU7,ENSG00000168872
Q9NUY8,ENSG00000036054
Q9NV06,ENSG00000164934
Q9NV31,ENSG00000177971
Q9NV58,ENSG00000034677
Q9NV64,ENSG00000176142
Q9NV70,ENSG00000090989
Q9NV96,ENSG00000112697
Q9NVA2,ENSG00000138758
Q9NVC6,ENSG00000042429
Q9NVD7,ENSG00000197702
Q9NVE7,ENSG00000157881
Q9NVF7,ENSG00000143756
Q9NVG8,ENSG00000107021
Q9NVH0,ENSG00000081177
Q9NVH1,ENSG00000007923
Q9NVH2,ENSG00000143493
Q9NVI1,ENSG00000140525
Q9NVK5,ENSG00000111790
Q9NVM4,ENSG00000132600
Q9NVM9,ENSG00000064102
Q9NVN8,ENSG00000130119
Q9NVP1,ENSG00000088205
Q9NVR0,ENSG00000178502
Q9NVR2,ENSG00000104613
Q9NVU0,ENSG00000058600
Q9NVU7,ENSG00000198301
Q9NVW2,ENSG00000131263
Q9NVX2,ENSG00000073536
Q9NVX7,ENSG00000123444
Q9NW08,ENSG00000013503
Q9NW13,ENSG00000106344
Q9NW15,ENSG00000160746
Q9NW64,ENSG00000086589
Q9NW82,ENSG00000082068
Q9NWB7,ENSG00000114446
Q9NWF9,ENSG00000011275
Q9NWK9,ENSG00000117174
Q9NWN3,ENSG00000178974
Q9NWQ4,ENSG00000089916
Q9NWQ9,ENSG00000179933
Q9NWR8,ENSG00000005059
Q9NWS1,ENSG00000185480
Q9NWS6,ENSG00000100376
Q9NWT6,ENSG00000166135
Q9NWV4,ENSG00000162384
Q9NWY4,ENSG00000056050
Q9NWZ5,ENSG00000198276
Q9NWZ8,ENSG00000046647
Q9NX02,ENSG00000022556
Q9NX04,ENSG00000116922
Q9NX05,ENSG00000184083
Q9NX20,ENSG00000166902
Q9NX40,ENSG00000109180
Q9NX61,ENSG00000064545
Q9NX74,ENSG00000167264
Q9NXC5,ENSG00000164654
Q9NXE4,ENSG00000136699
Q9NXF1,ENSG00000136891
Q9NXH8,ENSG00000198113
Q9NXH9,ENSG00000104907
Q9NXN4,ENSG00000196505
Q9NXR1,ENSG00000072864
Q9NXR5,ENSG00000088448
Q9NXR7,ENSG00000158019
Q9NXV6,ENSG00000168564
Q9NXW2,ENSG00000148719
Q9NXX6,ENSG00000107672
Q9NY15,ENSG00000010327
Q9NY26,ENSG00000143570
Q9NY27,ENSG00000163605
Q9NY61,ENSG00000275700
Q9NY93,ENSG00000136271
Q9NY97,ENSG00000170340
Q9NYA4,ENSG00000108389
Q9NYB0,ENSG00000166848
Q9NYF5,ENSG00000031003
Q9NYF8,ENSG00000029363
Q9NYH9,ENSG00000108651
Q9NYK1,ENSG00000196664
Q9NYL4,ENSG00000134285
Q9NYL9,ENSG00000138594
Q9NYP3,ENSG00000159147
Q9NYP7,ENSG00000012660
Q9NYP9,ENSG00000159055
Q9NYQ6,ENSG00000075275
Q9NYT6,ENSG00000167380
Q9NYU1,ENSG00000102595
Q9NYU2,ENSG00000136731
Q9NYV4,ENSG00000167258
Q9NYV6,ENSG00000085721
Q9NYY3,ENSG00000145632
Q9NYY8,ENSG00000118246
Q9NYZ3,ENSG00000075218
Q9NZ08,ENSG00000164307
Q9NZ32,ENSG00000131966
Q9NZ42,ENSG00000205155
Q9NZ43,ENSG00000053501
Q9NZ52,ENSG00000125447
Q9NZ71,ENSG00000258366
Q9NZB2,ENSG00000048828
Q9NZC3,ENSG00000006007
Q9NZC9,ENSG00000138375
Q9NZD8,ENSG00000090487
Q9NZI8,ENSG00000159217
Q9NZJ0,ENSG00000143476
Q9NZJ4,ENSG00000151835
Q9NZJ5,ENSG00000172071
Q9NZJ7,ENSG00000137409
Q9NZK5,ENSG00000093072
Q9NZL9,ENSG00000038274
Q9NZM3,ENSG00000198399
Q9NZM5,ENSG00000105373
Q9NZN4,ENSG00000024422
Q9NZN8,ENSG00000111596
Q9NZS9,ENSG00000103429
Q9NZV5,ENSG00000162430
Q9P015,ENSG00000137547
Q9P016,ENSG00000151500
Q9P055,ENSG00000050130
Q9P0J0,ENSG00000186010
Q9P0K1,ENSG00000008277
Q9P0K7,ENSG00000039560
Q9P0L0,ENSG00000101558
Q9P0M6,ENSG00000099284
Q9P0R6,ENSG00000100744
Q9P0S3,ENSG00000128699
Q9P0T7,ENSG00000116857
Q9P0U3,ENSG00000079387
Q9P0V3,ENSG00000130147
Q9P0W2,ENSG00000064961
Q9P0Z9,ENSG00000179761
Q9P1F3,ENSG00000146386
Q9P1Q0,ENSG00000143952
Q9P1Y6,ENSG00000070047
Q9P1Z2,ENSG00000012822
Q9P203,ENSG00000011114
Q9P209,ENSG00000112877
Q9P212,ENSG00000138193
Q9P215,ENSG00000143157
Q9P217,ENSG00000162415
Q9P219,ENSG00000015133
Q9P241,ENSG00000145246
Q9P246,ENSG00000109689
Q9P253,ENSG00000104142
Q9P260,ENSG00000134444
Q9P265,ENSG00000066084
Q9P273,ENSG00000218336
Q9P275,ENSG00000055483
Q9P289,ENSG00000134602
Q9P2A4,ENSG00000108798
Q9P2B7,ENSG00000164323
Q9P2D0,ENSG00000005700
Q9P2D1,ENSG00000171316
Q9P2D3,ENSG00000008869
Q9P2E3,ENSG00000124201
Q9P2E5,ENSG00000033100
Q9P2E9,ENSG00000125844
Q9P2G1,ENSG00000001629
Q9P2G9,ENSG00000145332
Q9P2H5,ENSG00000118369
Q9P2I0,ENSG00000165934
Q9P2J3,ENSG00000198642
Q9P2J5,ENSG00000133706
Q9P2K2,ENSG00000087301
Q9P2K6,ENSG00000087448
Q9P2K8,ENSG00000128829
Q9P2L0,ENSG00000118965
Q9P2M4,ENSG00000132405
Q9P2N5,ENSG00000091009
Q9P2N7,ENSG00000003096
Q9P2P1,ENSG00000205978
Q9P2P5,ENSG00000138411
Q9P2Q2,ENSG00000151474
Q9P2R7,ENSG00000136143
Q9P2S5,ENSG00000116213
Q9P2X0,ENSG00000179085
Q9P2Y5,ENSG00000198382
Q9UBB4,ENSG00000130638
Q9UBB6,ENSG00000020129
Q9UBB9,ENSG00000100109
Q9UBC2,ENSG00000127527
Q9UBD5,ENSG00000135336
Q9UBE0,ENSG00000142230
Q9UBE8,ENSG00000087095
Q9UBF1,ENSG00000046774
Q9UBF2,ENSG00000158623
Q9UBF8,ENSG00000143393
Q9UBG0,ENSG00000011028
Q9UBH6,ENSG00000143324
Q9UBI1,ENSG00000148444
Q9UBI4,ENSG00000067221
Q9UBK9,ENSG00000126756
Q9UBL3,ENSG00000129691
Q9UBM7,ENSG00000172893
Q9UBN7,ENSG00000094631
Q9UBP0,ENSG00000021574
Q9UBQ0,ENSG00000111237
Q9UBQ5,ENSG00000178982
Q9UBQ6,ENSG00000162694
Q9UBQ7,ENSG00000137106
Q9UBR2,ENSG00000101160
Q9UBS4,ENSG00000090520
Q9UBT2,ENSG00000126261
Q9UBT6,ENSG00000122008
Q9UBT7,ENSG00000119326
Q9UBU7,ENSG00000006634
Q9UBU8,ENSG00000185787
Q9UBV2,ENSG00000071537
Q9UBW7,ENSG00000121741
Q9UBZ4,ENSG00000169188
Q9UBZ9,ENSG00000135945
Q9UDT6,ENSG00000106665
Q9UDV7,ENSG00000170265
Q9UDY2,ENSG00000119139
Q9UDY8,ENSG00000172175
Q9UEE5,ENSG00000164543
Q9UEF7,ENSG00000133116
Q9UET6,ENSG00000068438
Q9UEY8,ENSG00000148700
Q9UFC0,ENSG00000161036
Q9UFF9,ENSG00000155508
Q9UFH2,ENSG00000187775
Q9UG01,ENSG00000138002
Q9UG56,ENSG00000241878
Q9UG63,ENSG00000033050
Q9UG63,ENSG00000285292
Q9UGH3,ENSG00000089057
Q9UGI8,ENSG00000135269
Q9UGJ0,ENSG00000106617
Q9UGJ1,ENSG00000137822
Q9UGL1,ENSG00000117139
Q9UGP5,ENSG00000166169
Q9UGP8,ENSG00000025796
Q9UGQ3,ENSG00000160326
Q9UGU5,ENSG00000100281
Q9UGV2,ENSG00000101079
Q9UH65,ENSG00000133789
Q9UH92,ENSG00000108788
Q9UH99,ENSG00000100242
Q9UHB6,ENSG00000050405
Q9UHB7,ENSG00000072364
Q9UHB9,ENSG00000167881
Q9UHC7,ENSG00000133606
Q9UHD1,ENSG00000110172
Q9UHD2,ENSG00000183735
Q9UHD8,ENSG00000184640
Q9UHD9,ENSG00000188021
Q9UHG3,ENSG00000116005
Q9UHH9,ENSG00000068745
Q9UHI6,ENSG00000064703
Q9UHI7,ENSG00000170482
Q9UHK0,ENSG00000083635
Q9UHK6,ENSG00000242110
Q9UHL9,ENSG00000006704
Q9UHP7,ENSG00000069493
Q9UHR5,ENSG00000161526
Q9UHV7,ENSG00000108510
Q9UHV9,ENSG00000143256
Q9UHW5,ENSG00000111231
Q9UHW9,ENSG00000140199
Q9UHX1,ENSG00000179950
Q9UHY1,ENSG00000115216
Q9UI08,ENSG00000196405
Q9UI10,ENSG00000115211
Q9UI12,ENSG00000047249
Q9UI14,ENSG00000105404
Q9UI26,ENSG00000086200
Q9UI30,ENSG00000173113
Q9UI95,ENSG00000116670
Q9UIA9,ENSG00000130227
Q9UIC8,ENSG00000205629
Q9UID3,ENSG00000149823
Q9UIF7,ENSG00000132781
Q9UIF8,ENSG00000123636
Q9UIF9,ENSG00000076108
Q9UIG0,ENSG00000009954
Q9UII2,ENSG00000130770
Q9UII4,ENSG00000138646
Q9UII5,ENSG00000196247
Q9UIK4,ENSG00000035664
Q9UIL1,ENSG00000153130
Q9UIQ6,ENSG00000113441
Q9UIW2,ENSG00000114554
Q9UJ14,ENSG00000131067
Q9UJ41,ENSG00000154710
Q9UJA2,ENSG00000088766
Q9UJA3,ENSG00000125885
Q9UJA5,ENSG00000089195
Q9UJF2,ENSG00000075391
Q9UJM3,ENSG00000116285
Q9UJP4,ENSG00000162413
Q9UJT0,ENSG00000074935
Q9UJV9,ENSG00000183258
Q9UJX2,ENSG00000094880
Q9UJX3,ENSG00000196510
Q9UJX4,ENSG00000089053
Q9UJX5,ENSG00000053900
Q9UJX6,ENSG00000176248
Q9UJY4,ENSG00000103365
Q9UJY5,ENSG00000100083
Q9UJZ1,ENSG00000165283
Q9UK45,ENSG00000130332
Q9UK58,ENSG00000163660
Q9UK61,ENSG00000163946
Q9UK73,ENSG00000169018
Q9UK76,ENSG00000189159
Q9UK97,ENSG00000112146
Q9UKA1,ENSG00000118564
Q9UKA4,ENSG00000023516
Q9UKA9,ENSG00000117569
Q9UKD1,ENSG00000101216
Q9UKD2,ENSG00000053372
Q9UKF6,ENSG00000119203
Q9UKG1,ENSG00000157500
Q9UKG9,ENSG00000005469
Q9UKI2,ENSG00000163171
Q9UKI8,ENSG00000198586
Q9UKJ3,ENSG00000186566
Q9UKK3,ENSG00000102699
Q9UKK9,ENSG00000165609
Q9UKN5,ENSG00000110851
Q9UKN8,ENSG00000125484
Q9UKT5,ENSG00000151876
Q9UKT7,ENSG00000005812
Q9UKV0,ENSG00000048052
Q9UKV3,ENSG00000100813
Q9UKV5,ENSG00000159461
Q9UKX5,ENSG00000137809
Q9UKX7,ENSG00000093000
Q9UKY1,ENSG00000165156
Q9UKZ1,ENSG00000158435
Q9UL01,ENSG00000111817
Q9UL03,ENSG00000102786
Q9UL17,ENSG00000073861
Q9UL45,ENSG00000104164
Q9UL54,ENSG00000149930
Q9UL63,ENSG00000128585
Q9ULC4,ENSG00000232119
Q9ULC5,ENSG00000197142
Q9ULD5,ENSG00000196453
Q9ULG6,ENSG00000260916
Q9ULH0,ENSG00000134313
Q9ULH1,ENSG00000153317
Q9ULH7,ENSG00000186260
Q9ULI0,ENSG00000119778
Q9ULI3,ENSG00000173706
Q9ULJ1,ENSG00000122417
Q9ULJ3,ENSG00000173276
Q9ULJ6,ENSG00000108175
Q9ULJ8,ENSG00000158528
Q9ULK4,ENSG00000112282
Q9ULL1,ENSG00000120278
Q9ULL5,ENSG00000126464
Q9ULM3,ENSG00000163872
Q9ULM6,ENSG00000113300
Q9ULP9,ENSG00000162065
Q9ULQ1,ENSG00000186815
Q9ULT0,ENSG00000068724
Q9ULT8,ENSG00000092148
Q9ULU4,ENSG00000101040
Q9ULV0,ENSG00000167306
Q9ULV3,ENSG00000148337
Q9ULV4,ENSG00000110880
Q9ULW0,ENSG00000088325
Q9ULX3,ENSG00000141101
Q9ULX6,ENSG00000011243
Q9UM11,ENSG00000105325
Q9UM54,ENSG00000196586
Q9UM82,ENSG00000158480
Q9UMS4,ENSG00000110107
Q9UMS5,ENSG00000116793
Q9UMS6,ENSG00000172403
Q9UMW8,ENSG00000184979
Q9UMX0,ENSG00000135018
Q9UMX1,ENSG00000107882
Q9UMX5,ENSG00000117691
Q9UMZ2,ENSG00000275066
Q9UN19,ENSG00000070190
Q9UN37,ENSG00000132612
Q9UN70,ENSG00000240184
Q9UN86,ENSG00000138757
Q9UNF0,ENSG00000100266
Q9UNF1,ENSG00000102316
Q9UNL2,ENSG00000114850
Q9UNM6,ENSG00000185627
Q9UNN5,ENSG00000185104
Q9UNQ2,ENSG00000086189
Q9UNS1,ENSG00000111602
Q9UNT1,ENSG00000079974
Q9UNX4,ENSG00000065183
Q9UNY4,ENSG00000116830
Q9UNZ2,ENSG00000088833
Q9UP52,ENSG00000106327
Q9UP83,ENSG00000164597
Q9UP95,ENSG00000124067
Q9UPM8,ENSG00000081014
Q9UPN3,ENSG00000127603
Q9UPN6,ENSG00000213079
Q9UPN7,ENSG00000105063
Q9UPN9,ENSG00000197323
Q9UPP1,ENSG00000172943
Q9UPQ4,ENSG00000104228
Q9UPQ9,ENSG00000100354
Q9UPR0,ENSG00000154822
Q9UPT5,ENSG00000182473
Q9UPT9,ENSG00000124422
Q9UPU5,ENSG00000162402
Q9UPU7,ENSG00000167202
Q9UPV0,ENSG00000110274
Q9UPW0,ENSG00000198815
Q9UPW5,ENSG00000135049
Q9UPW6,ENSG00000119042
Q9UPY3,ENSG00000100697
Q9UPY5,ENSG00000151012
Q9UPY6,ENSG00000132970
Q9UPZ3,ENSG00000110756
Q9UQ05,ENSG00000089558
Q9UQ13,ENSG00000108061
Q9UQ35,ENSG00000167978
Q9UQ53,ENSG00000161013
Q9UQ80,ENSG00000170515
Q9UQ84,ENSG00000174371
Q9UQ88,ENSG00000008128
Q9UQE7,ENSG00000108055
Q9UQL6,ENSG00000108840
Q9UQR1,ENSG00000163848
Q9UQV4,ENSG00000078081
Q9Y217,ENSG00000139505
Q9Y221,ENSG00000132603
Q9Y228,ENSG00000009790
Q9Y230,ENSG00000183207
Q9Y234,ENSG00000144182
Q9Y236,ENSG00000164823
Q9Y240,ENSG00000105472
Q9Y244,ENSG00000132963
Q9Y255,ENSG00000169230
Q9Y257,ENSG00000099337
Q9Y262,ENSG00000100129
Q9Y263,ENSG00000137055
Q9Y265,ENSG00000175792
Q9Y266,ENSG00000090273
Q9Y276,ENSG00000074582
Q9Y282,ENSG00000125991
Q9Y283,ENSG00000119509
Q9Y285,ENSG00000179115
Q9Y291,ENSG00000090263
Q9Y296,ENSG00000196655
Q9Y2A7,ENSG00000061676
Q9Y2C9,ENSG00000174130
Q9Y2D2,ENSG00000117620
Q9Y2D4,ENSG00000144036
Q9Y2D5,ENSG00000157654
Q9Y2D8,ENSG00000117155
Q9Y2E5,ENSG00000013288
Q9Y2E8,ENSG00000197818
Q9Y2F5,ENSG00000164151
Q9Y2G2,ENSG00000105483
Q9Y2G3,ENSG00000058063
Q9Y2G5,ENSG00000186866
Q9Y2G8,ENSG00000116138
Q9Y2H1,ENSG00000211455
Q9Y2H2,ENSG00000198825
Q9Y2H6,ENSG00000102531
Q9Y2I1,ENSG00000010322
Q9Y2I6,ENSG00000101004
Q9Y2I7,ENSG00000115020
Q9Y2J4,ENSG00000114019
Q9Y2K2,ENSG00000160584
Q9Y2K7,ENSG00000173120
Q9Y2L1,ENSG00000083520
Q9Y2L5,ENSG00000153339
Q9Y2M5,ENSG00000076321
Q9Y2P8,ENSG00000120158
Q9Y2Q0,ENSG00000124406
Q9Y2Q5,ENSG00000116586
Q9Y2R0,ENSG00000183978
Q9Y2R2,ENSG00000134242
Q9Y2R4,ENSG00000278053
Q9Y2R5,ENSG00000239789
Q9Y2S2,ENSG00000165475
Q9Y2S7,ENSG00000004142
Q9Y2T2,ENSG00000185009
Q9Y2T6,ENSG00000135898
Q9Y2U8,ENSG00000174106
Q9Y2V0,ENSG00000186073
Q9Y2V7,ENSG00000133103
Q9Y2W1,ENSG00000054118
Q9Y2X0,ENSG00000175221
Q9Y2X3,ENSG00000055044
Q9Y2X9,ENSG00000162702
Q9Y2Z2,ENSG00000135297
Q9Y2Z4,ENSG00000139131
Q9Y305,ENSG00000123130
Q9Y312,ENSG00000131043
Q9Y314,ENSG00000142546
Q9Y315,ENSG00000023697
Q9Y320,ENSG00000213593
Q9Y333,ENSG00000204392
Q9Y376,ENSG00000135932
Q9Y383,ENSG00000146963
Q9Y385,ENSG00000198833
Q9Y394,ENSG00000100612
Q9Y3A2,ENSG00000183520
Q9Y3B2,ENSG00000171311
Q9Y3B6,ENSG00000100908
Q9Y3B7,ENSG00000174547
Q9Y3C0,ENSG00000120860
Q9Y3C1,ENSG00000048162
Q9Y3C4,ENSG00000144034
Q9Y3D0,ENSG00000166595
Q9Y3D6,ENSG00000214253
Q9Y3E7,ENSG00000115561
Q9Y3E7,ENSG00000249884
Q9Y3I0,ENSG00000100220
Q9Y3I1,ENSG00000100225
Q9Y3L3,ENSG00000100092
Q9Y3M8,ENSG00000133121
Q9Y3P9,ENSG00000011454
Q9Y3Q3,ENSG00000166557
Q9Y3R0,ENSG00000155974
Q9Y3R5,ENSG00000142197
Q9Y3S1,ENSG00000165238
Q9Y3T9,ENSG00000188976
Q9Y3U8,ENSG00000130255
Q9Y3X0,ENSG00000105321
Q9Y3Z3,ENSG00000101347
Q9Y421,ENSG00000105058
Q9Y448,ENSG00000128944
Q9Y450,ENSG00000112339
Q9Y483,ENSG00000143033
Q9Y485,ENSG00000172869
Q9Y487,ENSG00000185344
Q9Y490,ENSG00000137076
Q9Y4A5,ENSG00000196367
Q9Y4A8,ENSG00000050344
Q9Y4B6,ENSG00000145041
Q9Y4C1,ENSG00000115548
Q9Y4C2,ENSG00000198420
Q9Y4C8,ENSG00000122965
Q9Y4E5,ENSG00000112200
Q9Y4E6,ENSG00000091157
Q9Y4E8,ENSG00000135655
Q9Y4F4,ENSG00000198718
Q9Y4F9,ENSG00000111913
Q9Y4G2,ENSG00000225190
Q9Y4G6,ENSG00000171914
Q9Y4I1,ENSG00000197535
Q9Y4K1,ENSG00000112297
Q9Y4K4,ENSG00000012983
Q9Y4L1,ENSG00000149428
Q9Y4P1,ENSG00000168397
Q9Y4P3,ENSG00000106638
Q9Y4R8,ENSG00000100726
Q9Y4W2,ENSG00000001497
Q9Y4W6,ENSG00000141385
Q9Y4X5,ENSG00000166233
Q9Y512,ENSG00000100347
Q9Y520,ENSG00000117523
Q9Y546,ENSG00000116212
Q9Y547,ENSG00000081870
Q9Y548,ENSG00000058799
Q9Y573,ENSG00000197429
Q9Y575,ENSG00000115239
Q9Y597,ENSG00000136636
Q9Y5A7,ENSG00000013374
Q9Y5A9,ENSG00000198492
Q9Y5B0,ENSG00000060069
Q9Y5B9,ENSG00000092201
Q9Y5E7,ENSG00000112852
Q9Y5J1,ENSG00000011260
Q9Y5K5,ENSG00000116750
Q9Y5K6,ENSG00000198087
Q9Y5K8,ENSG00000100554
Q9Y5L0,ENSG00000064419
Q9Y5Q3,ENSG00000204103
Q9Y5Q8,ENSG00000148308
Q9Y5Q9,ENSG00000119041
Q9Y5R8,ENSG00000170043
Q9Y5S1,ENSG00000187688
Q9Y5S2,ENSG00000198752
Q9Y5T5,ENSG00000156256
Q9Y5U9,ENSG00000134049
Q9Y5V3,ENSG00000179222
Q9Y5W7,ENSG00000135317
Q9Y5W8,ENSG00000071189
Q9Y5W9,ENSG00000002919
Q9Y5X0,ENSG00000086300
Q9Y5X1,ENSG00000130340
Q9Y5X2,ENSG00000106266
Q9Y5Y0,ENSG00000162769
Q9Y5Y2,ENSG00000095906
Q9Y5Y5,ENSG00000121680
Q9Y5Z0,ENSG00000182240
Q9Y5Z9,ENSG00000120942
Q9Y603,ENSG00000010030
Q9Y608,ENSG00000093167
Q9Y613,ENSG00000135723
Q9Y616,ENSG00000090376
Q9Y617,ENSG00000135069
Q9Y618,ENSG00000196498
Q9Y620,ENSG00000197275
Q9Y639,ENSG00000156642
Q9Y653,ENSG00000205336
Q9Y673,ENSG00000120697
Q9Y675,ENSG00000273173
Q9Y676,ENSG00000204568
Q9Y678,ENSG00000181789
Q9Y679,ENSG00000115307
Q9Y696,ENSG00000169504
Q9Y6A1,ENSG00000130714
Q9Y6A5,ENSG00000013810
Q9Y6B6,ENSG00000152700
Q9Y6B7,ENSG00000134262
Q9Y6C9,ENSG00000109919
Q9Y6D5,ENSG00000124198
Q9Y6D6,ENSG00000066777
Q9Y6D9,ENSG00000002822
Q9Y6E2,ENSG00000136261
Q9Y6I4,ENSG00000140455
Q9Y6I7,ENSG00000109046
Q9Y6I8,ENSG00000101417
Q9Y6J0,ENSG00000099991
Q9Y6J8,ENSG00000127952
Q9Y6J9,ENSG00000162227
Q9Y6K9,ENSG00000269335
Q9Y6M1,ENSG00000073792
Q9Y6M7,ENSG00000033867
Q9Y6N5,ENSG00000137767
Q9Y6N7,ENSG00000169855
Q9Y6Q1,ENSG00000077274
Q9Y6Q5,ENSG00000129354
Q9Y6Q9,ENSG00000124151
Q9Y6R0,ENSG00000105245
Q9Y6R4,ENSG00000085511
Q9Y6V7,ENSG00000105671
Q9Y6W5,ENSG00000158195
Q9Y6W6,ENSG00000143507
Q9Y6X2,ENSG00000131788
Q9Y6X3,ENSG00000129933
Q9Y6X9,ENSG00000133422
Q9Y6Y0,ENSG00000116679
Q9Y6Y8,ENSG00000107651
