From	To
A0A087WUL8	ENSG00000286185.1
A0A087WUL8	ENSG00000271383.10
A0A0C4DGP1	ENSG00000286075.3
A0A0G2JH50	ENSG00000206452.10
A0A0G2JH50	ENSG00000206435.10
A0A140T8Y4	ENSG00000206505.13
A0A140T941	ENSG00000231834.10
A0A1B0GVP4	ENSG00000178177.18
A0A5S8K7D1	ENSG00000228080.10
A0AV02	ENSG00000221955.12
A0AV96	ENSG00000163694.16
A0AVF1	ENSG00000105948.14
A0AVI4	ENSG00000168936.13
A0AVT1	ENSG00000033178.14
A0FGR8	ENSG00000117868.19
A0JNW5	ENSG00000111647.14
A0MZ66	ENSG00000187164.21
A1A4S6	ENSG00000071205.13
A1A5C7	ENSG00000137266.15
A1KXE4	ENSG00000152102.19
A1KZ92	ENSG00000147485.14
A1L0T0	ENSG00000105135.17
A2RRP1	ENSG00000151779.15
A2RTX5	ENSG00000185418.17
A2RU54	ENSG00000188816.4
A2RUS2	ENSG00000105339.12
A2VDJ0	ENSG00000121210.17
A3KMH1	ENSG00000102763.19
A3KN83	ENSG00000139697.15
A4D1U4	ENSG00000257093.7
A4D1U4	ENSG00000262599.5
A5A3E0	ENSG00000196604.13
A5PL33	ENSG00000133619.19
A5YKK6	ENSG00000125107.20
A6NC98	ENSG00000168071.22
A6NDG6	ENSG00000184207.9
A6NDU8	ENSG00000205765.11
A6NFI3	ENSG00000205903.8
A6NHR9	ENSG00000101596.18
A6NHT5	ENSG00000188620.11
A6NHX0	ENSG00000274070.2
A6NJ78	ENSG00000169519.22
A6NKT7	ENSG00000153165.19
A6NNZ2	ENSG00000173213.11
A7E2V4	ENSG00000214655.11
A8K0Z3	ENSG00000181404.18
A8MPS7	ENSG00000161179.15
A8MW92	ENSG00000129292.22
A8MWY0	ENSG00000164659.16
A9UHW6	ENSG00000125457.16
B0I1T2	ENSG00000136286.17
B0YJ81	ENSG00000165996.15
B2RTY4	ENSG00000066933.18
B2RXH8	ENSG00000275774.3
B2RXH8	ENSG00000283370.2
B2RXH8	ENSG00000282530.2
B4DX44	ENSG00000234444.10
B5ME19	ENSG00000205609.14
C9JN71	ENSG00000257446.5
E9PAV3	ENSG00000196531.15
F8WCM5	ENSG00000129965.15
G9CGD6	ENSG00000288520.1
J3KNZ9	ENSG00000156860.16
L0R6Q1	ENSG00000293600.2
O00116	ENSG00000018510.19
O00139	ENSG00000068796.20
O00148	ENSG00000123136.16
O00151	ENSG00000107438.10
O00154	ENSG00000097021.22
O00159	ENSG00000197879.18
O00160	ENSG00000142347.22
O00165	ENSG00000143575.17
O00170	ENSG00000110711.12
O00186	ENSG00000116266.12
O00189	ENSG00000221838.13
O00192	ENSG00000099889.15
O00203	ENSG00000132842.17
O00214	ENSG00000116977.20
O00217	ENSG00000110717.14
O00220	ENSG00000104689.11
O00221	ENSG00000146232.18
O00231	ENSG00000108671.12
O00232	ENSG00000197170.11
O00237	ENSG00000239305.8
O00255	ENSG00000133895.20
O00267	ENSG00000196235.15
O00273	ENSG00000160049.13
O00291	ENSG00000127946.18
O00299	ENSG00000213719.9
O00299	ENSG00000206394.8
O00299	ENSG00000226248.6
O00299	ENSG00000226417.6
O00299	ENSG00000226651.6
O00299	ENSG00000223639.6
O00299	ENSG00000230685.6
O00303	ENSG00000175390.16
O00308	ENSG00000198373.14
O00311	ENSG00000097046.14
O00329	ENSG00000171608.19
O00391	ENSG00000116260.17
O00398	ENSG00000078589.14
O00400	ENSG00000169359.17
O00401	ENSG00000106299.9
O00410	ENSG00000065150.22
O00411	ENSG00000099821.15
O00418	ENSG00000103319.13
O00422	ENSG00000150459.14
O00425	ENSG00000136231.15
O00429	ENSG00000087470.22
O00443	ENSG00000011405.15
O00462	ENSG00000109323.12
O00469	ENSG00000152952.15
O00471	ENSG00000070367.18
O00472	ENSG00000118985.17
O00478	ENSG00000111801.17
O00483	ENSG00000189043.11
O00487	ENSG00000115233.13
O00488	ENSG00000142684.9
O00505	ENSG00000102753.11
O00506	ENSG00000115694.16
O00507	ENSG00000114374.14
O00541	ENSG00000100029.19
O00560	ENSG00000137575.13
O00566	ENSG00000124383.12
O00567	ENSG00000101361.18
O00571	ENSG00000215301.12
O00587	ENSG00000100060.19
O00626	ENSG00000102962.6
O00635	ENSG00000112343.12
O00743	ENSG00000119414.13
O00748	ENSG00000172831.15
O00750	ENSG00000133056.15
O00754	ENSG00000104774.15
O00762	ENSG00000175063.18
O00763	ENSG00000076555.16
O00764	ENSG00000160209.20
O00767	ENSG00000099194.7
O14492	ENSG00000160999.12
O14494	ENSG00000067113.18
O14497	ENSG00000117713.22
O14503	ENSG00000134107.6
O14521	ENSG00000204370.15
O14544	ENSG00000170677.7
O14545	ENSG00000135148.13
O14548	ENSG00000115944.16
O14561	ENSG00000004779.11
O14578	ENSG00000122966.19
O14579	ENSG00000105669.15
O14617	ENSG00000065000.21
O14641	ENSG00000004975.13
O14646	ENSG00000153922.13
O14647	ENSG00000173575.24
O14656	ENSG00000136827.12
O14662	ENSG00000124222.24
O14672	ENSG00000137845.16
O14686	ENSG00000167548.18
O14715	ENSG00000169629.13
O14727	ENSG00000120868.16
O14730	ENSG00000101782.16
O14733	ENSG00000076984.19
O14744	ENSG00000100462.17
O14745	ENSG00000109062.13
O14757	ENSG00000149554.16
O14772	ENSG00000254685.9
O14773	ENSG00000166340.19
O14776	ENSG00000113649.15
O14777	ENSG00000080986.14
O14787	ENSG00000105576.17
O14791	ENSG00000100342.23
O14802	ENSG00000148606.16
O14818	ENSG00000101182.16
O14828	ENSG00000116521.13
O14828	ENSG00000263290.5
O14879	ENSG00000119917.15
O14896	ENSG00000117595.14
O14908	ENSG00000123159.17
O14929	ENSG00000128708.14
O14931	ENSG00000204475.11
O14931	ENSG00000206430.8
O14931	ENSG00000225211.6
O14931	ENSG00000237103.6
O14931	ENSG00000237808.6
O14931	ENSG00000223833.6
O14931	ENSG00000236315.6
O14931	ENSG00000236979.6
O14936	ENSG00000147044.24
O14939	ENSG00000129219.15
O14949	ENSG00000164405.12
O14964	ENSG00000185359.15
O14965	ENSG00000087586.19
O14972	ENSG00000157538.15
O14974	ENSG00000058272.20
O14975	ENSG00000140284.12
O14976	ENSG00000178950.19
O14977	ENSG00000155096.15
O14979	ENSG00000152795.19
O14980	ENSG00000082898.20
O14981	ENSG00000095564.16
O14986	ENSG00000107242.21
O15014	ENSG00000180357.11
O15020	ENSG00000173898.17
O15021	ENSG00000069020.19
O15027	ENSG00000148396.20
O15031	ENSG00000196576.17
O15033	ENSG00000119682.19
O15042	ENSG00000163714.19
O15050	ENSG00000168016.16
O15055	ENSG00000132326.13
O15056	ENSG00000078269.15
O15060	ENSG00000166860.4
O15062	ENSG00000168795.6
O15063	ENSG00000166398.15
O15066	ENSG00000101350.9
O15067	ENSG00000178921.15
O15069	ENSG00000136274.9
O15078	ENSG00000198707.18
O15083	ENSG00000187672.16
O15111	ENSG00000213341.12
O15118	ENSG00000141458.14
O15119	ENSG00000135111.16
O15121	ENSG00000143753.15
O15131	ENSG00000196911.13
O15144	ENSG00000163466.17
O15145	ENSG00000111229.17
O15160	ENSG00000171453.21
O15164	ENSG00000122779.19
O15169	ENSG00000103126.16
O15173	ENSG00000164040.18
O15211	ENSG00000206282.11
O15211	ENSG00000224841.9
O15211	ENSG00000228736.9
O15211	ENSG00000237825.9
O15211	ENSG00000237441.11
O15212	ENSG00000204220.13
O15212	ENSG00000206283.10
O15212	ENSG00000224782.8
O15212	ENSG00000235692.8
O15212	ENSG00000237335.8
O15213	ENSG00000227057.10
O15213	ENSG00000206284.8
O15213	ENSG00000236222.8
O15213	ENSG00000204221.11
O15213	ENSG00000226916.8
O15217	ENSG00000170899.12
O15228	ENSG00000116906.14
O15234	ENSG00000108349.19
O15254	ENSG00000087008.17
O15258	ENSG00000157916.21
O15259	ENSG00000144061.15
O15269	ENSG00000090054.17
O15287	ENSG00000221829.12
O15294	ENSG00000147162.16
O15297	ENSG00000170836.14
O15305	ENSG00000140650.14
O15321	ENSG00000100926.16
O15321	ENSG00000285465.2
O15327	ENSG00000109452.15
O15357	ENSG00000165458.16
O15360	ENSG00000187741.17
O15371	ENSG00000100353.19
O15372	ENSG00000147677.13
O15381	ENSG00000143748.19
O15392	ENSG00000089685.16
O15397	ENSG00000133704.11
O15417	ENSG00000182095.15
O15427	ENSG00000141526.19
O15438	ENSG00000108846.17
O15439	ENSG00000125257.17
O15440	ENSG00000114770.18
O15479	ENSG00000099399.6
O15503	ENSG00000186480.14
O15519	ENSG00000003402.22
O15530	ENSG00000140992.21
O15533	ENSG00000112493.12
O15533	ENSG00000206208.11
O15533	ENSG00000206281.11
O15533	ENSG00000236490.9
O15533	ENSG00000231925.15
O15550	ENSG00000147050.19
O15554	ENSG00000104783.16
O43143	ENSG00000109606.14
O43147	ENSG00000141258.14
O43148	ENSG00000101654.19
O43150	ENSG00000151693.12
O43156	ENSG00000101407.14
O43159	ENSG00000132275.12
O43164	ENSG00000198961.12
O43166	ENSG00000197555.11
O43181	ENSG00000164258.13
O43187	ENSG00000134070.6
O43242	ENSG00000108344.16
O43252	ENSG00000138801.10
O43264	ENSG00000086827.10
O43290	ENSG00000175467.16
O43292	ENSG00000197858.13
O43293	ENSG00000167657.15
O43296	ENSG00000083844.11
O43298	ENSG00000169155.11
O43299	ENSG00000242802.10
O43303	ENSG00000103540.18
O43306	ENSG00000174233.13
O43307	ENSG00000131089.18
O43314	ENSG00000145725.22
O43325	ENSG00000102897.11
O43353	ENSG00000104312.9
O43379	ENSG00000075702.19
O43390	ENSG00000125944.23
O43390	ENSG00000282958.5
O43395	ENSG00000117360.14
O43396	ENSG00000091164.14
O43399	ENSG00000101150.19
O43405	ENSG00000100473.19
O43414	ENSG00000117419.17
O43422	ENSG00000137492.10
O43426	ENSG00000159082.19
O43427	ENSG00000172500.14
O43432	ENSG00000075151.24
O43463	ENSG00000101945.18
O43491	ENSG00000079819.21
O43502	ENSG00000108384.17
O43504	ENSG00000134248.15
O43529	ENSG00000115526.12
O43556	ENSG00000127990.20
O43557	ENSG00000125735.13
O43566	ENSG00000169220.19
O43567	ENSG00000082996.21
O43592	ENSG00000184575.13
O43617	ENSG00000054116.13
O43633	ENSG00000130724.11
O43639	ENSG00000071051.15
O43660	ENSG00000171566.13
O43663	ENSG00000198901.15
O43674	ENSG00000136521.14
O43676	ENSG00000119013.11
O43678	ENSG00000131495.9
O43681	ENSG00000198356.13
O43683	ENSG00000169679.16
O43684	ENSG00000154473.19
O43707	ENSG00000130402.15
O43707	ENSG00000282844.2
O43709	ENSG00000071462.14
O43731	ENSG00000100196.12
O43736	ENSG00000078596.12
O43739	ENSG00000008256.18
O43747	ENSG00000166747.14
O43752	ENSG00000135823.14
O43760	ENSG00000108639.9
O43776	ENSG00000134440.13
O43791	ENSG00000121067.20
O43795	ENSG00000128641.20
O43805	ENSG00000176101.13
O43808	ENSG00000100372.16
O43813	ENSG00000115365.14
O43837	ENSG00000101365.23
O43847	ENSG00000078618.24
O43861	ENSG00000166377.22
O43865	ENSG00000168710.19
O43889	ENSG00000107175.13
O43913	ENSG00000164815.12
O43929	ENSG00000115947.15
O43933	ENSG00000127980.17
O60216	ENSG00000164754.17
O60229	ENSG00000160145.16
O60231	ENSG00000204560.11
O60231	ENSG00000206486.8
O60231	ENSG00000233561.6
O60231	ENSG00000226171.6
O60231	ENSG00000233418.8
O60231	ENSG00000233049.6
O60231	ENSG00000231377.6
O60237	ENSG00000077157.24
O60244	ENSG00000180182.12
O60256	ENSG00000141127.16
O60264	ENSG00000153147.7
O60266	ENSG00000138031.16
O60271	ENSG00000008294.23
O60281	ENSG00000188994.15
O60287	ENSG00000142207.8
O60291	ENSG00000102858.14
O60292	ENSG00000105738.12
O60293	ENSG00000133858.17
O60296	ENSG00000115993.14
O60306	ENSG00000021776.12
O60307	ENSG00000099308.14
O60308	ENSG00000116198.15
O60312	ENSG00000206190.13
O60313	ENSG00000198836.12
O60318	ENSG00000160294.11
O60330	ENSG00000253159.3
O60331	ENSG00000186111.12
O60333	ENSG00000054523.21
O60336	ENSG00000137802.16
O60337	ENSG00000145495.18
O60341	ENSG00000004487.19
O60343	ENSG00000136111.15
O60346	ENSG00000081913.15
O60353	ENSG00000164930.13
O60381	ENSG00000105856.15
O60381	ENSG00000283847.2
O60427	ENSG00000149485.20
O60443	ENSG00000105928.17
O60449	ENSG00000054219.12
O60449	ENSG00000248672.5
O60476	ENSG00000198162.12
O60478	ENSG00000077585.15
O60486	ENSG00000136040.9
O60488	ENSG00000068366.22
O60502	ENSG00000198408.15
O60506	ENSG00000135316.20
O60506	ENSG00000271793.2
O60518	ENSG00000137040.10
O60524	ENSG00000165525.19
O60563	ENSG00000129315.13
O60566	ENSG00000156970.14
O60573	ENSG00000135930.16
O60610	ENSG00000131504.18
O60613	ENSG00000183291.18
O60645	ENSG00000180104.17
O60658	ENSG00000073417.16
O60664	ENSG00000105355.10
O60667	ENSG00000162894.13
O60669	ENSG00000118596.13
O60671	ENSG00000113456.21
O60673	ENSG00000009413.17
O60674	ENSG00000096968.15
O60684	ENSG00000025800.14
O60701	ENSG00000109814.13
O60711	ENSG00000110031.13
O60716	ENSG00000198561.17
O60725	ENSG00000116237.17
O60749	ENSG00000205302.8
O60763	ENSG00000138768.16
O60784	ENSG00000100284.23
O60812	ENSG00000179172.10
O60812	ENSG00000282175.4
O60814	ENSG00000197903.10
O60826	ENSG00000101997.14
O60828	ENSG00000102103.19
O60828	ENSG00000292208.1
O60831	ENSG00000243279.5
O60831	ENSG00000292222.1
O60832	ENSG00000130826.20
O60841	ENSG00000158417.13
O60861	ENSG00000007237.20
O60869	ENSG00000107223.14
O60879	ENSG00000147202.19
O60885	ENSG00000141867.19
O60888	ENSG00000112514.19
O60888	ENSG00000226492.7
O60906	ENSG00000135587.10
O60942	ENSG00000111880.17
O75037	ENSG00000116852.15
O75044	ENSG00000266028.9
O75051	ENSG00000076356.8
O75054	ENSG00000143061.19
O75064	ENSG00000198837.11
O75072	ENSG00000106692.16
O75083	ENSG00000071127.19
O75116	ENSG00000134318.17
O75122	ENSG00000163539.20
O75140	ENSG00000100150.21
O75143	ENSG00000175224.18
O75144	ENSG00000160223.19
O75146	ENSG00000130787.15
O75147	ENSG00000124006.16
O75150	ENSG00000103549.23
O75151	ENSG00000197724.13
O75153	ENSG00000132361.19
O75161	ENSG00000131697.19
O75164	ENSG00000066135.14
O75165	ENSG00000138246.17
O75175	ENSG00000088038.21
O75175	ENSG00000274941.4
O75175	ENSG00000275979.4
O75175	ENSG00000274176.4
O75175	ENSG00000277615.4
O75175	ENSG00000273943.4
O75175	ENSG00000274616.4
O75175	ENSG00000277600.4
O75175	ENSG00000277114.4
O75175	ENSG00000276082.4
O75177	ENSG00000184402.15
O75179	ENSG00000132466.21
O75182	ENSG00000127511.11
O75190	ENSG00000105993.16
O75191	ENSG00000093217.12
O75223	ENSG00000006625.19
O75251	ENSG00000115286.22
O75298	ENSG00000125744.13
O75306	ENSG00000158864.14
O75312	ENSG00000109917.12
O75326	ENSG00000138623.10
O75326	ENSG00000288455.1
O75330	ENSG00000072571.21
O75348	ENSG00000136888.9
O75351	ENSG00000119541.11
O75354	ENSG00000197586.14
O75362	ENSG00000171940.14
O75367	ENSG00000113648.18
O75369	ENSG00000136068.17
O75376	ENSG00000141027.24
O75385	ENSG00000177169.11
O75394	ENSG00000243147.9
O75396	ENSG00000265808.5
O75400	ENSG00000196504.22
O75410	ENSG00000147526.21
O75417	ENSG00000051341.16
O75419	ENSG00000093009.12
O75439	ENSG00000105819.16
O75448	ENSG00000008838.22
O75460	ENSG00000178607.17
O75477	ENSG00000107566.15
O75478	ENSG00000277104.4
O75487	ENSG00000076716.10
O75489	ENSG00000213619.12
O75496	ENSG00000112312.11
O75530	ENSG00000074266.24
O75533	ENSG00000115524.18
O75534	ENSG00000009307.18
O75563	ENSG00000005020.14
O75564	ENSG00000234616.10
O75592	ENSG00000005810.21
O75643	ENSG00000144028.16
O75663	ENSG00000143155.14
O75665	ENSG00000046651.17
O75691	ENSG00000120800.6
O75694	ENSG00000113569.18
O75695	ENSG00000102218.7
O75717	ENSG00000198554.13
O75787	ENSG00000182220.16
O75792	ENSG00000104889.8
O75794	ENSG00000151465.15
O75808	ENSG00000103326.13
O75821	ENSG00000130811.13
O75822	ENSG00000104131.14
O75843	ENSG00000213983.13
O75845	ENSG00000109929.11
O75865	ENSG00000007255.11
O75879	ENSG00000059691.13
O75882	ENSG00000088812.19
O75886	ENSG00000115145.11
O75891	ENSG00000144908.15
O75909	ENSG00000090061.18
O75916	ENSG00000108370.18
O75925	ENSG00000033800.15
O75935	ENSG00000137100.17
O75940	ENSG00000119953.15
O75955	ENSG00000137312.16
O75955	ENSG00000206379.12
O75955	ENSG00000206480.11
O75955	ENSG00000232280.9
O75955	ENSG00000230143.9
O75962	ENSG00000038382.23
O75964	ENSG00000167283.10
O75970	ENSG00000107186.18
O75976	ENSG00000108582.13
O76003	ENSG00000108010.13
O76021	ENSG00000171490.14
O76031	ENSG00000166855.10
O76036	ENSG00000189430.13
O76036	ENSG00000273535.4
O76036	ENSG00000275156.4
O76036	ENSG00000278362.4
O76036	ENSG00000273506.4
O76036	ENSG00000273916.4
O76036	ENSG00000274053.4
O76036	ENSG00000277824.4
O76036	ENSG00000275822.4
O76036	ENSG00000277629.4
O76062	ENSG00000149809.18
O76071	ENSG00000144021.4
O76094	ENSG00000174780.18
O94759	ENSG00000142185.19
O94768	ENSG00000081320.13
O94776	ENSG00000149480.7
O94782	ENSG00000162607.14
O94804	ENSG00000072786.14
O94806	ENSG00000115825.12
O94808	ENSG00000131459.14
O94822	ENSG00000198862.15
O94822	ENSG00000291534.1
O94826	ENSG00000154174.9
O94829	ENSG00000117408.12
O94830	ENSG00000085788.15
O94832	ENSG00000176658.18
O94842	ENSG00000092203.16
O94855	ENSG00000150961.16
O94864	ENSG00000119760.17
O94868	ENSG00000137478.16
O94874	ENSG00000014123.11
O94887	ENSG00000006607.15
O94888	ENSG00000163960.14
O94889	ENSG00000114648.13
O94898	ENSG00000198799.13
O94905	ENSG00000147475.18
O94906	ENSG00000101161.9
O94913	ENSG00000165494.13
O94915	ENSG00000075539.16
O94916	ENSG00000102908.24
O94919	ENSG00000149218.6
O94925	ENSG00000115419.15
O94927	ENSG00000249115.10
O94952	ENSG00000135108.17
O94953	ENSG00000127663.17
O94955	ENSG00000164292.14
O94964	ENSG00000149639.16
O94966	ENSG00000172046.21
O94967	ENSG00000085433.18
O94972	ENSG00000108395.15
O94973	ENSG00000183020.16
O94979	ENSG00000138674.18
O94985	ENSG00000171603.19
O94986	ENSG00000103995.14
O94992	ENSG00000186834.4
O95067	ENSG00000157456.9
O95070	ENSG00000174851.17
O95071	ENSG00000104517.14
O95072	ENSG00000100918.15
O95072	ENSG00000285007.2
O95081	ENSG00000106351.14
O95104	ENSG00000156304.16
O95140	ENSG00000116688.19
O95155	ENSG00000130939.21
O95159	ENSG00000162300.14
O95163	ENSG00000070061.17
O95166	ENSG00000170296.11
O95167	ENSG00000170906.17
O95167	ENSG00000275724.1
O95167	ENSG00000276220.1
O95167	ENSG00000273642.1
O95167	ENSG00000278365.1
O95167	ENSG00000274359.1
O95167	ENSG00000275605.1
O95167	ENSG00000276766.1
O95167	ENSG00000276061.4
O95167	ENSG00000277722.1
O95168	ENSG00000065518.9
O95198	ENSG00000109466.15
O95199	ENSG00000136161.14
O95214	ENSG00000104660.19
O95219	ENSG00000114520.12
O95229	ENSG00000122952.18
O95235	ENSG00000112984.13
O95236	ENSG00000128284.22
O95239	ENSG00000090889.13
O95243	ENSG00000129071.11
O95248	ENSG00000100241.23
O95255	ENSG00000091262.18
O95255	ENSG00000275331.5
O95260	ENSG00000107669.20
O95271	ENSG00000173273.18
O95271	ENSG00000285372.2
O95273	ENSG00000166946.15
O95295	ENSG00000143553.12
O95298	ENSG00000151366.14
O95299	ENSG00000130414.14
O95319	ENSG00000048740.20
O95347	ENSG00000136824.20
O95359	ENSG00000138162.20
O95361	ENSG00000221926.14
O95365	ENSG00000178951.10
O95373	ENSG00000205339.11
O95379	ENSG00000145779.8
O95382	ENSG00000142733.19
O95391	ENSG00000164609.11
O95402	ENSG00000105085.11
O95405	ENSG00000157077.17
O95425	ENSG00000197321.17
O95427	ENSG00000197563.12
O95433	ENSG00000100591.9
O95450	ENSG00000087116.18
O95453	ENSG00000140694.19
O95453	ENSG00000274829.4
O95466	ENSG00000184922.16
O95470	ENSG00000166224.19
O95476	ENSG00000175826.13
O95477	ENSG00000165029.17
O95478	ENSG00000164346.11
O95486	ENSG00000113615.14
O95490	ENSG00000117114.22
O95503	ENSG00000183741.13
O95562	ENSG00000213064.11
O95563	ENSG00000143158.12
O95573	ENSG00000123983.16
O95602	ENSG00000068654.18
O95613	ENSG00000160299.19
O95620	ENSG00000105865.12
O95620	ENSG00000284103.2
O95625	ENSG00000066422.8
O95628	ENSG00000080802.22
O95630	ENSG00000124356.18
O95644	ENSG00000131196.18
O95671	ENSG00000169093.17
O95671	ENSG00000292339.2
O95707	ENSG00000105171.11
O95714	ENSG00000128731.18
O95721	ENSG00000099940.13
O95757	ENSG00000164070.13
O95758	ENSG00000119314.18
O95759	ENSG00000204634.14
O95782	ENSG00000196961.14
O95786	ENSG00000107201.13
O95789	ENSG00000163867.18
O95789	ENSG00000271741.1
O95793	ENSG00000124214.22
O95801	ENSG00000243725.8
O95807	ENSG00000183726.12
O95816	ENSG00000112208.12
O95817	ENSG00000151929.11
O95819	ENSG00000071054.18
O95825	ENSG00000205758.13
O95831	ENSG00000156709.16
O95833	ENSG00000169583.14
O95834	ENSG00000125746.19
O95835	ENSG00000131023.14
O95837	ENSG00000156049.7
O95848	ENSG00000183828.16
O95861	ENSG00000162813.19
O95864	ENSG00000134824.15
O95870	ENSG00000204427.13
O95870	ENSG00000206403.11
O95870	ENSG00000230475.9
O95870	ENSG00000236063.9
O95870	ENSG00000235676.9
O95870	ENSG00000231488.9
O95870	ENSG00000224552.9
O95905	ENSG00000122882.12
O95977	ENSG00000125910.6
O95983	ENSG00000071655.19
O95985	ENSG00000100038.21
O96005	ENSG00000104853.17
O96006	ENSG00000214717.13
O96006	ENSG00000292345.2
O96009	ENSG00000131400.10
O96018	ENSG00000011132.13
O96019	ENSG00000136518.18
O96020	ENSG00000175305.19
O96028	ENSG00000109685.20
P00156	ENSG00000198727.2
P00338	ENSG00000134333.16
P00338	ENSG00000288299.1
P00367	ENSG00000148672.11
P00387	ENSG00000100243.23
P00395	ENSG00000198804.2
P00403	ENSG00000198712.1
P00451	ENSG00000185010.15
P00491	ENSG00000198805.13
P00491	ENSG00000291814.1
P00533	ENSG00000146648.22
P00558	ENSG00000102144.16
P00751	ENSG00000241253.8
P00751	ENSG00000239754.9
P00751	ENSG00000242335.8
P00751	ENSG00000243570.9
P00751	ENSG00000243649.11
P00751	ENSG00000241534.9
P00813	ENSG00000196839.15
P00973	ENSG00000089127.15
P01019	ENSG00000135744.9
P01024	ENSG00000125730.19
P01031	ENSG00000106804.11
P01042	ENSG00000113889.15
P01106	ENSG00000136997.22
P01137	ENSG00000105329.12
P01215	ENSG00000135346.9
P01374	ENSG00000230279.8
P01374	ENSG00000226979.10
P01374	ENSG00000231408.8
P01591	ENSG00000132465.13
P01859	ENSG00000211893.4
P01859	ENSG00000274497.2
P01889	ENSG00000234745.15
P01903	ENSG00000227993.9
P01903	ENSG00000206308.11
P01903	ENSG00000204287.15
P01903	ENSG00000234794.9
P01903	ENSG00000230726.9
P01903	ENSG00000228987.9
P01903	ENSG00000226260.9
P01903	ENSG00000277263.1
P01906	ENSG00000206301.9
P01906	ENSG00000237541.4
P01906	ENSG00000231526.3
P01906	ENSG00000257473.7
P01906	ENSG00000225103.3
P01906	ENSG00000223793.7
P01906	ENSG00000233192.7
P01906	ENSG00000231823.3
P01909	ENSG00000196735.14
P01909	ENSG00000206305.12
P01909	ENSG00000232062.9
P01909	ENSG00000257473.7
P01911	ENSG00000196126.13
P01920	ENSG00000231286.7
P01920	ENSG00000233209.6
P01920	ENSG00000225824.8
P02545	ENSG00000160789.26
P02671	ENSG00000171560.19
P02751	ENSG00000115414.22
P02768	ENSG00000163631.20
P02786	ENSG00000072274.15
P02792	ENSG00000087086.17
P03891	ENSG00000198763.3
P03923	ENSG00000198695.2
P04035	ENSG00000113161.18
P04040	ENSG00000121691.8
P04049	ENSG00000132155.15
P04062	ENSG00000177628.17
P04075	ENSG00000149925.22
P04083	ENSG00000135046.16
P04114	ENSG00000084674.15
P04150	ENSG00000113580.16
P04156	ENSG00000171867.19
P04179	ENSG00000291237.2
P04233	ENSG00000019582.18
P04264	ENSG00000167768.4
P04406	ENSG00000111640.16
P04424	ENSG00000126522.18
P04439	ENSG00000206503.16
P04440	ENSG00000215048.13
P04440	ENSG00000236693.11
P04440	ENSG00000223865.13
P04440	ENSG00000230763.11
P04440	ENSG00000226826.10
P04440	ENSG00000237710.10
P04626	ENSG00000141736.15
P04632	ENSG00000126247.12
P04637	ENSG00000141510.20
P04792	ENSG00000106211.11
P04818	ENSG00000176890.17
P04843	ENSG00000163902.13
P04844	ENSG00000118705.19
P04844	ENSG00000291973.1
P04899	ENSG00000114353.18
P04908	ENSG00000277075.4
P04908	ENSG00000278463.2
P05023	ENSG00000163399.17
P05067	ENSG00000142192.23
P05120	ENSG00000197632.10
P05141	ENSG00000005022.7
P05161	ENSG00000187608.11
P05164	ENSG00000005381.9
P05165	ENSG00000175198.18
P05166	ENSG00000114054.15
P05198	ENSG00000134001.16
P05362	ENSG00000090339.10
P05387	ENSG00000177600.11
P05388	ENSG00000089157.17
P05412	ENSG00000177606.9
P05496	ENSG00000159199.15
P05556	ENSG00000150093.21
P05771	ENSG00000166501.15
P05783	ENSG00000111057.12
P05787	ENSG00000170421.14
P06213	ENSG00000171105.15
P06276	ENSG00000114200.11
P06340	ENSG00000204252.15
P06340	ENSG00000206292.13
P06340	ENSG00000231558.11
P06340	ENSG00000232957.11
P06340	ENSG00000232962.11
P06340	ENSG00000230141.11
P06340	ENSG00000235744.11
P06396	ENSG00000148180.23
P06400	ENSG00000139687.18
P06493	ENSG00000170312.18
P06576	ENSG00000110955.10
P06702	ENSG00000163220.12
P06733	ENSG00000074800.17
P06737	ENSG00000100504.18
P06744	ENSG00000105220.18
P06746	ENSG00000070501.13
P06748	ENSG00000181163.15
P06753	ENSG00000143549.23
P06756	ENSG00000138448.14
P06865	ENSG00000213614.12
P07195	ENSG00000111716.15
P07203	ENSG00000233276.9
P07339	ENSG00000117984.16
P07355	ENSG00000182718.19
P07602	ENSG00000197746.16
P07686	ENSG00000049860.14
P07737	ENSG00000108518.9
P07814	ENSG00000136628.19
P07900	ENSG00000080824.20
P07910	ENSG00000092199.20
P07947	ENSG00000176105.15
P07948	ENSG00000254087.9
P07954	ENSG00000091483.9
P07992	ENSG00000012061.18
P07996	ENSG00000137801.12
P08047	ENSG00000185591.11
P08133	ENSG00000197043.16
P08174	ENSG00000196352.19
P08183	ENSG00000085563.16
P08195	ENSG00000168003.20
P08236	ENSG00000169919.18
P08237	ENSG00000152556.18
P08238	ENSG00000096384.21
P08240	ENSG00000182934.13
P08243	ENSG00000070669.18
P08246	ENSG00000197561.8
P08246	ENSG00000277571.2
P08311	ENSG00000100448.5
P08559	ENSG00000131828.15
P08567	ENSG00000115956.10
P08574	ENSG00000179091.6
P08575	ENSG00000081237.23
P08575	ENSG00000262418.5
P08579	ENSG00000125870.12
P08581	ENSG00000105976.17
P08582	ENSG00000163975.15
P08621	ENSG00000104852.16
P08631	ENSG00000101336.18
P08651	ENSG00000141905.20
P08670	ENSG00000026025.17
P08708	ENSG00000278229.2
P08708	ENSG00000182774.14
P08729	ENSG00000135480.18
P08754	ENSG00000065135.13
P08758	ENSG00000164111.16
P08779	ENSG00000186832.9
P08865	ENSG00000168028.16
P08910	ENSG00000140526.19
P08F94	ENSG00000170927.15
P09001	ENSG00000114686.10
P09017	ENSG00000198353.8
P09211	ENSG00000084207.19
P09234	ENSG00000124562.11
P09237	ENSG00000137673.10
P09382	ENSG00000100097.13
P09488	ENSG00000134184.14
P09496	ENSG00000122705.19
P09525	ENSG00000196975.17
P09543	ENSG00000173786.17
P09601	ENSG00000100292.18
P09651	ENSG00000135486.20
P09668	ENSG00000103811.19
P09669	ENSG00000164919.12
P09874	ENSG00000143799.15
P09884	ENSG00000101868.14
P09912	ENSG00000126709.16
P09913	ENSG00000119922.11
P09914	ENSG00000185745.10
P09917	ENSG00000012779.13
P09917	ENSG00000275565.4
P09958	ENSG00000140564.14
P09960	ENSG00000111144.11
P0C0L4	ENSG00000206340.10
P0C0L4	ENSG00000227746.10
P0C0L4	ENSG00000244731.11
P0C870	ENSG00000243789.12
P0CG12	ENSG00000286140.2
P0CG47	ENSG00000170315.15
P0CJ78	ENSG00000261221.6
P0DJD1	ENSG00000185304.17
P0DMV8	ENSG00000204388.7
P0DMV8	ENSG00000204389.11
P0DMV8	ENSG00000224501.5
P0DMV8	ENSG00000212866.6
P0DMV8	ENSG00000215328.6
P0DMV8	ENSG00000235941.5
P0DMV8	ENSG00000234475.5
P0DMV8	ENSG00000237724.5
P0DMV8	ENSG00000231555.4
P0DMV8	ENSG00000232804.5
P0DP23	ENSG00000143933.21
P0DP23	ENSG00000160014.18
P0DP23	ENSG00000198668.15
P0DPH7	ENSG00000075886.11
P0DPH7	ENSG00000198033.13
P0DPK2	ENSG00000269466.4
P10176	ENSG00000176340.4
P10242	ENSG00000118513.22
P10253	ENSG00000171298.16
P10253	ENSG00000291507.1
P10321	ENSG00000204525.19
P10398	ENSG00000078061.15
P10589	ENSG00000175745.15
P10620	ENSG00000008394.14
P10644	ENSG00000108946.17
P10746	ENSG00000188690.17
P10809	ENSG00000144381.19
P11021	ENSG00000044574.10
P11047	ENSG00000135862.7
P11049	ENSG00000104894.13
P11142	ENSG00000109971.15
P11166	ENSG00000117394.25
P11171	ENSG00000159023.24
P11216	ENSG00000100994.13
P11230	ENSG00000170175.11
P11230	ENSG00000283946.2
P11274	ENSG00000186716.22
P11279	ENSG00000185896.12
P11308	ENSG00000157554.21
P11309	ENSG00000137193.15
P11310	ENSG00000117054.16
P11387	ENSG00000198900.7
P11388	ENSG00000131747.16
P11413	ENSG00000160211.21
P11498	ENSG00000173599.16
P11511	ENSG00000137869.17
P11532	ENSG00000198947.18
P11586	ENSG00000100714.19
P11717	ENSG00000197081.16
P11766	ENSG00000197894.13
P11802	ENSG00000135446.18
P11831	ENSG00000112658.9
P11836	ENSG00000156738.19
P11926	ENSG00000115758.15
P11940	ENSG00000070756.18
P12004	ENSG00000132646.12
P12036	ENSG00000100285.10
P12074	ENSG00000111775.4
P12081	ENSG00000170445.17
P12109	ENSG00000142156.17
P12110	ENSG00000142173.18
P12111	ENSG00000163359.18
P12235	ENSG00000151729.12
P12236	ENSG00000169100.15
P12236	ENSG00000292334.2
P12270	ENSG00000047410.14
P12814	ENSG00000072110.18
P12956	ENSG00000196419.14
P13010	ENSG00000079246.17
P13051	ENSG00000076248.13
P13056	ENSG00000120798.18
P13073	ENSG00000131143.11
P13196	ENSG00000023330.16
P13284	ENSG00000216490.5
P13489	ENSG00000023191.18
P13489	ENSG00000276230.4
P13498	ENSG00000051523.13
P13598	ENSG00000108622.12
P13611	ENSG00000038427.16
P13612	ENSG00000115232.14
P13639	ENSG00000167658.17
P13645	ENSG00000186395.9
P13647	ENSG00000186081.12
P13667	ENSG00000155660.12
P13674	ENSG00000122884.14
P13747	ENSG00000204592.10
P13747	ENSG00000206493.7
P13747	ENSG00000229252.6
P13747	ENSG00000233904.6
P13747	ENSG00000236632.5
P13747	ENSG00000230254.7
P13747	ENSG00000225201.6
P13796	ENSG00000136167.16
P13797	ENSG00000102024.20
P13798	ENSG00000164062.14
P13804	ENSG00000140374.18
P13807	ENSG00000104812.16
P13995	ENSG00000065911.13
P14314	ENSG00000130175.11
P14317	ENSG00000180353.12
P14324	ENSG00000160752.16
P14373	ENSG00000204713.12
P14373	ENSG00000215641.8
P14373	ENSG00000234495.7
P14373	ENSG00000237071.7
P14373	ENSG00000229006.7
P14543	ENSG00000116962.16
P14550	ENSG00000117448.15
P14618	ENSG00000067225.22
P14625	ENSG00000166598.17
P14635	ENSG00000134057.16
P14678	ENSG00000125835.21
P14735	ENSG00000119912.19
P14866	ENSG00000104824.19
P14866	ENSG00000282947.2
P14868	ENSG00000115866.12
P14921	ENSG00000134954.15
P14923	ENSG00000173801.18
P15104	ENSG00000135821.20
P15170	ENSG00000103342.14
P15289	ENSG00000100299.19
P15311	ENSG00000092820.20
P15328	ENSG00000110195.15
P15374	ENSG00000118939.20
P15498	ENSG00000141968.9
P15559	ENSG00000181019.13
P15621	ENSG00000197857.17
P15822	ENSG00000095951.19
P15880	ENSG00000140988.17
P15880	ENSG00000291931.1
P15884	ENSG00000196628.21
P15923	ENSG00000071564.20
P15924	ENSG00000096696.17
P15927	ENSG00000117748.11
P15954	ENSG00000127184.14
P16104	ENSG00000188486.4
P16278	ENSG00000170266.16
P16333	ENSG00000158092.8
P16435	ENSG00000127948.18
P16591	ENSG00000151422.15
P16615	ENSG00000174437.19
P16885	ENSG00000197943.14
P16930	ENSG00000103876.15
P16949	ENSG00000117632.24
P17019	ENSG00000182141.11
P17026	ENSG00000165512.6
P17036	ENSG00000166526.20
P17038	ENSG00000198521.13
P17050	ENSG00000198951.13
P17066	ENSG00000173110.8
P17181	ENSG00000142166.16
P17275	ENSG00000171223.6
P17480	ENSG00000108312.17
P17612	ENSG00000072062.17
P17612	ENSG00000288516.1
P17655	ENSG00000162909.19
P17813	ENSG00000106991.16
P17844	ENSG00000108654.17
P17858	ENSG00000141959.18
P17927	ENSG00000203710.13
P17980	ENSG00000165916.10
P17987	ENSG00000120438.13
P18031	ENSG00000196396.11
P18074	ENSG00000104884.18
P18077	ENSG00000182899.18
P18124	ENSG00000147604.15
P18206	ENSG00000035403.19
P18583	ENSG00000159140.23
P18621	ENSG00000215472.10
P18621	ENSG00000265681.9
P18754	ENSG00000180198.18
P18848	ENSG00000128272.20
P18850	ENSG00000118217.8
P18858	ENSG00000105486.16
P18887	ENSG00000073050.13
P19021	ENSG00000145730.22
P19086	ENSG00000128266.10
P19105	ENSG00000101608.14
P19174	ENSG00000124181.16
P19338	ENSG00000115053.18
P19367	ENSG00000156515.26
P19440	ENSG00000100031.20
P19525	ENSG00000055332.20
P19532	ENSG00000068323.18
P19532	ENSG00000292217.1
P19544	ENSG00000184937.17
P19634	ENSG00000090020.12
P19784	ENSG00000070770.11
P19793	ENSG00000186350.12
P19823	ENSG00000151655.20
P19878	ENSG00000116701.17
P19971	ENSG00000025708.15
P20023	ENSG00000117322.20
P20036	ENSG00000168384.11
P20036	ENSG00000206291.10
P20036	ENSG00000224103.7
P20036	ENSG00000231389.9
P20036	ENSG00000228163.8
P20036	ENSG00000235844.8
P20036	ENSG00000229685.8
P20036	ENSG00000236177.9
P20073	ENSG00000138279.17
P20226	ENSG00000112592.16
P20248	ENSG00000145386.12
P20273	ENSG00000012124.18
P20290	ENSG00000145741.17
P20333	ENSG00000028137.20
P20393	ENSG00000126368.6
P20591	ENSG00000157601.16
P20592	ENSG00000183486.15
P20618	ENSG00000008018.10
P20645	ENSG00000003056.9
P20674	ENSG00000178741.13
P20700	ENSG00000113368.13
P20701	ENSG00000005844.20
P20702	ENSG00000140678.18
P20749	ENSG00000069399.15
P20810	ENSG00000310517.2
P20839	ENSG00000106348.20
P20929	ENSG00000183091.21
P20936	ENSG00000145715.16
P21281	ENSG00000147416.13
P21283	ENSG00000155097.13
P21333	ENSG00000196924.20
P21359	ENSG00000196712.20
P21399	ENSG00000122729.20
P21675	ENSG00000147133.19
P21796	ENSG00000213585.12
P22059	ENSG00000110048.13
P22061	ENSG00000120265.22
P22087	ENSG00000105202.10
P22087	ENSG00000280548.4
P22090	ENSG00000129824.16
P22102	ENSG00000159131.18
P22102	ENSG00000262473.5
P22234	ENSG00000128050.10
P22314	ENSG00000130985.18
P22392	ENSG00000243678.13
P22392	ENSG00000011052.21
P22570	ENSG00000161513.13
P22626	ENSG00000122566.24
P22670	ENSG00000132005.10
P22670	ENSG00000288283.1
P22681	ENSG00000110395.8
P22695	ENSG00000140740.12
P22736	ENSG00000123358.21
P23193	ENSG00000187735.17
P23246	ENSG00000116560.12
P23258	ENSG00000131462.10
P23381	ENSG00000140105.19
P23396	ENSG00000149273.16
P23458	ENSG00000162434.15
P23470	ENSG00000144724.20
P23508	ENSG00000171444.19
P23526	ENSG00000101444.13
P23528	ENSG00000172757.13
P23610	ENSG00000288709.1
P23610	ENSG00000288722.1
P23610	ENSG00000277150.2
P23634	ENSG00000058668.17
P23763	ENSG00000139190.17
P23921	ENSG00000167325.16
P24001	ENSG00000008517.20
P24278	ENSG00000089775.13
P24390	ENSG00000105438.10
P24394	ENSG00000077238.15
P24522	ENSG00000116717.13
P24539	ENSG00000116459.12
P24821	ENSG00000041982.18
P24863	ENSG00000112237.14
P24864	ENSG00000105173.15
P24928	ENSG00000284832.2
P24941	ENSG00000123374.11
P25054	ENSG00000134982.20
P25098	ENSG00000173020.12
P25205	ENSG00000112118.21
P25391	ENSG00000101680.17
P25398	ENSG00000112306.9
P25440	ENSG00000204256.16
P25440	ENSG00000234507.9
P25440	ENSG00000215077.10
P25440	ENSG00000234704.9
P25440	ENSG00000235307.12
P25445	ENSG00000026103.25
P25685	ENSG00000132002.10
P25705	ENSG00000152234.17
P25787	ENSG00000106588.13
P25787	ENSG00000256646.8
P25788	ENSG00000100567.14
P25789	ENSG00000041357.17
P26006	ENSG00000005884.19
P26010	ENSG00000139626.17
P26012	ENSG00000105855.11
P26038	ENSG00000147065.19
P26196	ENSG00000110367.15
P26232	ENSG00000066032.19
P26358	ENSG00000130816.18
P26368	ENSG00000063244.15
P26373	ENSG00000167526.16
P26599	ENSG00000011304.23
P26639	ENSG00000113407.15
P26640	ENSG00000096171.14
P26640	ENSG00000204394.14
P26640	ENSG00000224264.9
P26640	ENSG00000231116.9
P26640	ENSG00000226589.9
P26641	ENSG00000254772.11
P27105	ENSG00000148175.14
P27144	ENSG00000162433.16
P27348	ENSG00000134308.15
P27448	ENSG00000075413.20
P27469	ENSG00000123689.7
P27540	ENSG00000143437.22
P27635	ENSG00000147403.19
P27694	ENSG00000132383.13
P27695	ENSG00000100823.13
P27695	ENSG00000291796.1
P27707	ENSG00000156136.11
P27708	ENSG00000084774.15
P27797	ENSG00000179218.16
P27816	ENSG00000047849.23
P27824	ENSG00000127022.17
P27824	ENSG00000283777.2
P27986	ENSG00000145675.17
P28062	ENSG00000204264.13
P28062	ENSG00000206298.8
P28062	ENSG00000235715.6
P28062	ENSG00000226201.6
P28062	ENSG00000236443.6
P28062	ENSG00000231631.6
P28062	ENSG00000230669.6
P28062	ENSG00000230034.8
P28065	ENSG00000240065.10
P28065	ENSG00000240118.7
P28065	ENSG00000243594.7
P28065	ENSG00000243067.7
P28065	ENSG00000242711.8
P28065	ENSG00000243958.7
P28065	ENSG00000239836.7
P28065	ENSG00000240508.7
P28066	ENSG00000143106.14
P28067	ENSG00000204257.16
P28067	ENSG00000243215.7
P28067	ENSG00000242361.7
P28067	ENSG00000239463.7
P28067	ENSG00000242685.7
P28067	ENSG00000243189.7
P28067	ENSG00000243719.7
P28070	ENSG00000159377.12
P28072	ENSG00000142507.11
P28074	ENSG00000100804.20
P28288	ENSG00000117528.15
P28289	ENSG00000136842.15
P28290	ENSG00000138434.17
P28331	ENSG00000023228.16
P28331	ENSG00000283447.3
P28340	ENSG00000062822.17
P28360	ENSG00000163132.8
P28370	ENSG00000102038.17
P28482	ENSG00000100030.16
P28562	ENSG00000120129.7
P28715	ENSG00000134899.25
P28749	ENSG00000080839.13
P28838	ENSG00000002549.14
P29083	ENSG00000153767.11
P29350	ENSG00000111679.18
P29353	ENSG00000160691.20
P29374	ENSG00000032219.20
P29375	ENSG00000073614.13
P29401	ENSG00000163931.18
P29466	ENSG00000137752.26
P29590	ENSG00000140464.21
P29597	ENSG00000105397.17
P29692	ENSG00000104529.20
P29692	ENSG00000273594.4
P29728	ENSG00000111335.14
P30040	ENSG00000089248.8
P30044	ENSG00000126432.15
P30049	ENSG00000099624.9
P30050	ENSG00000197958.14
P30101	ENSG00000167004.15
P30153	ENSG00000105568.20
P30154	ENSG00000137713.17
P30260	ENSG00000004897.13
P30279	ENSG00000118971.10
P30304	ENSG00000164045.13
P30305	ENSG00000101224.19
P30511	ENSG00000204642.15
P30511	ENSG00000206509.13
P30511	ENSG00000229698.11
P30511	ENSG00000137403.19
P30511	ENSG00000235220.10
P30511	ENSG00000237508.10
P30520	ENSG00000035687.10
P30530	ENSG00000167601.13
P30533	ENSG00000163956.14
P30559	ENSG00000180914.12
P30566	ENSG00000239900.15
P30622	ENSG00000130779.23
P30679	ENSG00000060558.4
P30793	ENSG00000131979.21
P30825	ENSG00000139514.14
P30837	ENSG00000137124.9
P30876	ENSG00000047315.17
P31040	ENSG00000073578.19
P31150	ENSG00000203879.13
P31321	ENSG00000188191.17
P31323	ENSG00000005249.15
P31327	ENSG00000021826.19
P31350	ENSG00000171848.17
P31483	ENSG00000116001.18
P31629	ENSG00000010818.12
P31689	ENSG00000086061.17
P31785	ENSG00000147168.14
P31939	ENSG00000138363.16
P31941	ENSG00000128383.14
P31941	ENSG00000262156.6
P31943	ENSG00000169045.20
P31943	ENSG00000284254.4
P31948	ENSG00000168439.18
P31949	ENSG00000163191.7
P32019	ENSG00000204084.15
P32189	ENSG00000198814.15
P32248	ENSG00000126353.5
P32249	ENSG00000169508.8
P32322	ENSG00000183010.18
P32455	ENSG00000117228.12
P32456	ENSG00000162645.14
P32519	ENSG00000120690.18
P32969	ENSG00000163682.18
P32970	ENSG00000125726.12
P33076	ENSG00000179583.22
P33121	ENSG00000151726.17
P33176	ENSG00000170759.12
P33240	ENSG00000101811.16
P33527	ENSG00000103222.21
P33527	ENSG00000278183.4
P33552	ENSG00000123975.6
P33897	ENSG00000101986.13
P33908	ENSG00000111885.8
P33947	ENSG00000136240.11
P33981	ENSG00000112742.11
P33991	ENSG00000104738.20
P33992	ENSG00000100297.17
P33993	ENSG00000166508.20
P34897	ENSG00000182199.12
P34931	ENSG00000204390.11
P34931	ENSG00000206383.8
P34931	ENSG00000234258.6
P34931	ENSG00000236251.6
P34932	ENSG00000170606.17
P34949	ENSG00000178802.19
P35125	ENSG00000129204.17
P35221	ENSG00000044115.22
P35222	ENSG00000168036.20
P35226	ENSG00000168283.15
P35232	ENSG00000167085.15
P35240	ENSG00000186575.21
P35241	ENSG00000137710.18
P35249	ENSG00000163918.13
P35250	ENSG00000049541.12
P35251	ENSG00000035928.18
P35268	ENSG00000116251.12
P35269	ENSG00000125651.15
P35520	ENSG00000160200.19
P35555	ENSG00000166147.16
P35573	ENSG00000162688.18
P35579	ENSG00000100345.24
P35580	ENSG00000133026.15
P35606	ENSG00000184432.12
P35609	ENSG00000077522.16
P35610	ENSG00000057252.14
P35611	ENSG00000087274.20
P35613	ENSG00000172270.23
P35637	ENSG00000089280.21
P35658	ENSG00000126883.20
P35790	ENSG00000110721.13
P35869	ENSG00000106546.15
P35914	ENSG00000117305.16
P35998	ENSG00000161057.14
P36406	ENSG00000113595.15
P36507	ENSG00000126934.16
P36578	ENSG00000174444.16
P36776	ENSG00000196365.13
P36871	ENSG00000079739.18
P36873	ENSG00000186298.12
P36888	ENSG00000122025.16
P36955	ENSG00000132386.12
P36956	ENSG00000072310.19
P37023	ENSG00000139567.15
P37088	ENSG00000111319.14
P37108	ENSG00000140319.12
P37198	ENSG00000213024.14
P37268	ENSG00000079459.15
P37268	ENSG00000284967.3
P37287	ENSG00000165195.16
P38432	ENSG00000121058.6
P38435	ENSG00000115486.14
P38606	ENSG00000114573.13
P38646	ENSG00000113013.17
P38919	ENSG00000141543.13
P38919	ENSG00000291508.1
P38935	ENSG00000132740.11
P38936	ENSG00000124762.16
P39019	ENSG00000105372.9
P39023	ENSG00000100316.17
P39060	ENSG00000182871.17
P39210	ENSG00000115204.16
P39656	ENSG00000244038.11
P39687	ENSG00000140350.16
P39748	ENSG00000168496.5
P39880	ENSG00000257923.13
P40123	ENSG00000112186.14
P40126	ENSG00000080166.16
P40222	ENSG00000084652.17
P40227	ENSG00000146731.12
P40259	ENSG00000007312.15
P40306	ENSG00000205220.13
P40429	ENSG00000142541.19
P40692	ENSG00000076242.19
P40763	ENSG00000168610.18
P40818	ENSG00000138592.16
P40925	ENSG00000014641.22
P40926	ENSG00000146701.13
P40937	ENSG00000111445.15
P40938	ENSG00000133119.14
P40939	ENSG00000084754.13
P40967	ENSG00000185664.16
P41002	ENSG00000162063.14
P41091	ENSG00000130741.12
P41212	ENSG00000139083.12
P41226	ENSG00000182179.14
P41229	ENSG00000126012.15
P41240	ENSG00000103653.18
P41250	ENSG00000106105.16
P41252	ENSG00000196305.20
P41252	ENSG00000291356.1
P41279	ENSG00000107968.11
P41743	ENSG00000163558.14
P42025	ENSG00000115073.9
P42025	ENSG00000291597.1
P42166	ENSG00000120802.16
P42167	ENSG00000120802.16
P42224	ENSG00000115415.22
P42226	ENSG00000166888.14
P42229	ENSG00000126561.19
P42285	ENSG00000039123.17
P42336	ENSG00000121879.7
P42338	ENSG00000051382.11
P42345	ENSG00000198793.15
P42356	ENSG00000241973.12
P42566	ENSG00000085832.19
P42575	ENSG00000106144.21
P42677	ENSG00000177954.15
P42684	ENSG00000143322.22
P42694	ENSG00000198265.13
P42695	ENSG00000151503.15
P42696	ENSG00000188739.16
P42701	ENSG00000096996.16
P42704	ENSG00000138095.21
P42766	ENSG00000136942.16
P42771	ENSG00000147889.18
P42785	ENSG00000137509.13
P42858	ENSG00000197386.14
P42892	ENSG00000117298.16
P43007	ENSG00000115902.12
P43034	ENSG00000007168.16
P43243	ENSG00000015479.21
P43246	ENSG00000095002.17
P43268	ENSG00000175832.14
P43304	ENSG00000115159.18
P43307	ENSG00000124783.15
P43355	ENSG00000198681.7
P43357	ENSG00000221867.10
P43357	ENSG00000292186.1
P43360	ENSG00000197172.12
P43360	ENSG00000292195.1
P43362	ENSG00000123584.7
P43362	ENSG00000267978.7
P43363	ENSG00000124260.12
P43364	ENSG00000185247.15
P43365	ENSG00000213401.11
P43365	ENSG00000292189.1
P43405	ENSG00000165025.16
P43490	ENSG00000105835.14
P43686	ENSG00000013275.9
P43686	ENSG00000281221.3
P45844	ENSG00000160179.21
P45880	ENSG00000165637.15
P45974	ENSG00000111667.15
P46013	ENSG00000148773.15
P46019	ENSG00000044446.13
P46020	ENSG00000067177.16
P46060	ENSG00000100401.22
P46063	ENSG00000004700.17
P46087	ENSG00000111641.14
P46100	ENSG00000085224.23
P46199	ENSG00000085760.16
P46379	ENSG00000204463.15
P46379	ENSG00000096155.15
P46379	ENSG00000229524.10
P46379	ENSG00000233348.10
P46379	ENSG00000227761.10
P46379	ENSG00000228760.10
P46379	ENSG00000234651.10
P46734	ENSG00000034152.21
P46736	ENSG00000185515.16
P46777	ENSG00000122406.15
P46779	ENSG00000108107.16
P46781	ENSG00000170889.15
P46781	ENSG00000278270.4
P46781	ENSG00000278081.3
P46781	ENSG00000274950.4
P46781	ENSG00000274646.4
P46781	ENSG00000277359.3
P46781	ENSG00000274626.3
P46781	ENSG00000274005.3
P46781	ENSG00000275323.3
P46781	ENSG00000277079.3
P46782	ENSG00000083845.10
P46783	ENSG00000124614.18
P46821	ENSG00000131711.15
P46939	ENSG00000152818.20
P46940	ENSG00000140575.14
P46977	ENSG00000134910.15
P47755	ENSG00000198898.17
P47756	ENSG00000077549.20
P47897	ENSG00000172053.19
P47914	ENSG00000162244.13
P47974	ENSG00000152518.9
P48047	ENSG00000241837.8
P48058	ENSG00000152578.16
P48163	ENSG00000065833.10
P48200	ENSG00000136381.14
P48378	ENSG00000087903.14
P48380	ENSG00000080298.17
P48382	ENSG00000143390.19
P48426	ENSG00000150867.15
P48444	ENSG00000095139.16
P48449	ENSG00000160285.16
P48553	ENSG00000160218.14
P48556	ENSG00000099341.13
P48595	ENSG00000242550.7
P48634	ENSG00000204469.13
P48634	ENSG00000206427.11
P48634	ENSG00000226618.9
P48634	ENSG00000231370.9
P48634	ENSG00000231825.9
P48634	ENSG00000225164.9
P48634	ENSG00000225748.9
P48637	ENSG00000100983.13
P48643	ENSG00000150753.13
P48651	ENSG00000156471.14
P48723	ENSG00000155304.7
P48730	ENSG00000141551.16
P48736	ENSG00000105851.12
P48764	ENSG00000066230.12
P48775	ENSG00000151790.10
P48775	ENSG00000262635.5
P49005	ENSG00000106628.14
P49069	ENSG00000164615.7
P49116	ENSG00000177463.17
P49247	ENSG00000153574.10
P49321	ENSG00000132780.18
P49327	ENSG00000169710.10
P49366	ENSG00000095059.18
P49368	ENSG00000163468.16
P49406	ENSG00000115364.15
P49411	ENSG00000178952.12
P49418	ENSG00000078053.18
P49450	ENSG00000115163.16
P49454	ENSG00000117724.16
P49459	ENSG00000077721.18
P49585	ENSG00000161217.13
P49588	ENSG00000090861.18
P49589	ENSG00000110619.19
P49589	ENSG00000278191.4
P49591	ENSG00000031698.14
P49642	ENSG00000198056.17
P49643	ENSG00000146143.20
P49674	ENSG00000213923.14
P49674	ENSG00000283900.1
P49682	ENSG00000186810.8
P49685	ENSG00000154165.5
P49711	ENSG00000102974.17
P49720	ENSG00000277791.6
P49720	ENSG00000275903.2
P49721	ENSG00000126067.13
P49736	ENSG00000073111.16
P49750	ENSG00000119596.19
P49754	ENSG00000006715.17
P49760	ENSG00000176444.20
P49760	ENSG00000261893.5
P49761	ENSG00000179335.21
P49770	ENSG00000119718.12
P49771	ENSG00000090554.14
P49790	ENSG00000124789.13
P49792	ENSG00000153201.18
P49796	ENSG00000138835.24
P49815	ENSG00000103197.21
P49840	ENSG00000105723.13
P49841	ENSG00000082701.18
P49915	ENSG00000163655.17
P49916	ENSG00000005156.13
P49961	ENSG00000138185.21
P50213	ENSG00000166411.15
P50395	ENSG00000057608.19
P50402	ENSG00000102119.13
P50416	ENSG00000110090.14
P50454	ENSG00000149257.17
P50502	ENSG00000100380.16
P50542	ENSG00000139197.12
P50542	ENSG00000288217.3
P50570	ENSG00000079805.20
P50579	ENSG00000111142.15
P50591	ENSG00000121858.12
P50613	ENSG00000134058.13
P50613	ENSG00000277273.5
P50748	ENSG00000184445.12
P50749	ENSG00000101265.17
P50750	ENSG00000136807.14
P50851	ENSG00000198589.16
P50897	ENSG00000131238.19
P50990	ENSG00000156261.14
P50990	ENSG00000291533.1
P50991	ENSG00000115484.16
P50995	ENSG00000122359.19
P51003	ENSG00000090060.20
P51114	ENSG00000114416.20
P51149	ENSG00000075785.15
P51157	ENSG00000157869.17
P51398	ENSG00000132676.17
P51451	ENSG00000136573.17
P51451	ENSG00000285369.3
P51452	ENSG00000108861.10
P51530	ENSG00000138346.17
P51531	ENSG00000080503.26
P51532	ENSG00000127616.23
P51553	ENSG00000067829.21
P51571	ENSG00000180879.15
P51572	ENSG00000185825.18
P51587	ENSG00000139618.19
P51610	ENSG00000172534.15
P51648	ENSG00000072210.20
P51654	ENSG00000147257.17
P51665	ENSG00000103035.12
P51684	ENSG00000112486.19
P51692	ENSG00000173757.12
P51784	ENSG00000102226.11
P51788	ENSG00000114859.17
P51790	ENSG00000109572.17
P51797	ENSG00000011021.24
P51798	ENSG00000103249.20
P51805	ENSG00000130827.7
P51812	ENSG00000177189.15
P51814	ENSG00000147124.14
P51825	ENSG00000172493.24
P51946	ENSG00000134480.18
P51955	ENSG00000117650.14
P51956	ENSG00000136098.20
P51970	ENSG00000119421.8
P52209	ENSG00000142657.22
P52272	ENSG00000099783.14
P52292	ENSG00000182481.11
P52294	ENSG00000114030.14
P52306	ENSG00000138698.16
P52333	ENSG00000105639.21
P52429	ENSG00000153933.11
P52435	ENSG00000005075.17
P52597	ENSG00000169813.18
P52630	ENSG00000170581.16
P52657	ENSG00000140307.12
P52701	ENSG00000116062.20
P52732	ENSG00000138160.8
P52735	ENSG00000160293.18
P52739	ENSG00000172262.13
P52756	ENSG00000003756.18
P52758	ENSG00000132541.12
P52788	ENSG00000102172.17
P52789	ENSG00000159399.11
P52848	ENSG00000070614.16
P52888	ENSG00000172009.16
P52907	ENSG00000116489.14
P52948	ENSG00000110713.19
P53004	ENSG00000106605.12
P53007	ENSG00000100075.11
P53350	ENSG00000166851.16
P53355	ENSG00000196730.14
P53396	ENSG00000131473.18
P53582	ENSG00000164024.13
P53597	ENSG00000163541.13
P53602	ENSG00000167508.13
P53611	ENSG00000137955.17
P53618	ENSG00000129083.14
P53621	ENSG00000122218.18
P53634	ENSG00000109861.18
P53667	ENSG00000106683.16
P53675	ENSG00000070371.17
P53677	ENSG00000070718.14
P53680	ENSG00000042753.13
P53701	ENSG00000004961.16
P53778	ENSG00000188130.15
P53804	ENSG00000182670.14
P53814	ENSG00000183963.20
P53990	ENSG00000182149.22
P53992	ENSG00000176986.17
P53999	ENSG00000113387.14
P54098	ENSG00000140521.18
P54132	ENSG00000197299.14
P54136	ENSG00000113643.10
P54274	ENSG00000147601.16
P54277	ENSG00000064933.20
P54278	ENSG00000122512.18
P54368	ENSG00000104904.13
P54577	ENSG00000134684.14
P54578	ENSG00000101557.16
P54687	ENSG00000060982.16
P54709	ENSG00000069849.12
P54725	ENSG00000179262.11
P54727	ENSG00000119318.14
P54802	ENSG00000108784.11
P54819	ENSG00000004455.19
P54886	ENSG00000059573.10
P54920	ENSG00000105402.8
P55010	ENSG00000100664.11
P55017	ENSG00000070915.11
P55036	ENSG00000159352.17
P55060	ENSG00000124207.18
P55061	ENSG00000139644.14
P55072	ENSG00000165280.19
P55081	ENSG00000140259.8
P55084	ENSG00000138029.15
P55160	ENSG00000123338.14
P55196	ENSG00000130396.23
P55199	ENSG00000105656.14
P55201	ENSG00000156983.18
P55209	ENSG00000187109.16
P55212	ENSG00000138794.10
P55263	ENSG00000156110.16
P55265	ENSG00000160710.20
P55268	ENSG00000172037.15
P55347	ENSG00000160199.16
P55735	ENSG00000157020.19
P55769	ENSG00000100138.15
P55786	ENSG00000141279.19
P55795	ENSG00000126945.10
P55809	ENSG00000083720.14
P55884	ENSG00000106263.20
P56182	ENSG00000160214.14
P56192	ENSG00000166986.16
P56270	ENSG00000103495.15
P56282	ENSG00000100479.15
P56373	ENSG00000109991.11
P56377	ENSG00000182287.16
P56537	ENSG00000242372.10
P56556	ENSG00000184983.12
P56556	ENSG00000272765.2
P56556	ENSG00000277365.3
P56556	ENSG00000281013.5
P56556	ENSG00000273397.4
P56589	ENSG00000034693.16
P56817	ENSG00000186318.19
P57059	ENSG00000142178.10
P57081	ENSG00000160193.13
P57086	ENSG00000171222.12
P57088	ENSG00000109133.15
P57678	ENSG00000179409.11
P57737	ENSG00000262246.7
P57737	ENSG00000103426.12
P57737	ENSG00000282725.1
P57737	ENSG00000278760.4
P57740	ENSG00000111581.11
P57764	ENSG00000104518.12
P57764	ENSG00000278718.3
P58004	ENSG00000130766.6
P58004	ENSG00000285069.2
P58107	ENSG00000261150.3
P58340	ENSG00000178053.21
P59998	ENSG00000250151.9
P59998	ENSG00000241553.14
P60174	ENSG00000111669.16
P60228	ENSG00000104408.12
P60510	ENSG00000149923.15
P60520	ENSG00000034713.8
P60660	ENSG00000092841.20
P60709	ENSG00000075624.18
P60842	ENSG00000161960.17
P60900	ENSG00000100902.12
P60903	ENSG00000197747.10
P60953	ENSG00000070831.19
P60953	ENSG00000289694.1
P61009	ENSG00000129128.13
P61011	ENSG00000100883.14
P61073	ENSG00000121966.8
P61077	ENSG00000109332.21
P61086	ENSG00000078140.15
P61158	ENSG00000115091.13
P61160	ENSG00000138071.16
P61163	ENSG00000138107.14
P61165	ENSG00000134825.17
P61201	ENSG00000166200.16
P61221	ENSG00000164163.12
P61244	ENSG00000125952.22
P61247	ENSG00000145425.11
P61247	ENSG00000292158.1
P61289	ENSG00000131467.13
P61313	ENSG00000174748.23
P61353	ENSG00000131469.16
P61421	ENSG00000159720.14
P61599	ENSG00000173418.13
P61619	ENSG00000058262.12
P61764	ENSG00000136854.27
P61803	ENSG00000129562.12
P61923	ENSG00000111481.11
P61962	ENSG00000136485.16
P61962	ENSG00000288894.1
P61978	ENSG00000165119.24
P61981	ENSG00000170027.7
P62081	ENSG00000171863.16
P62136	ENSG00000172531.17
P62140	ENSG00000213639.12
P62191	ENSG00000100764.15
P62195	ENSG00000087191.15
P62249	ENSG00000105193.10
P62256	ENSG00000186591.14
P62269	ENSG00000096150.9
P62269	ENSG00000226225.6
P62269	ENSG00000231500.8
P62269	ENSG00000235650.6
P62269	ENSG00000223367.6
P62277	ENSG00000110700.8
P62280	ENSG00000142534.8
P62306	ENSG00000139343.12
P62310	ENSG00000170860.5
P62314	ENSG00000167088.12
P62341	ENSG00000198843.14
P62424	ENSG00000148303.18
P62424	ENSG00000280858.3
P62487	ENSG00000168002.13
P62495	ENSG00000120705.14
P62701	ENSG00000198034.12
P62714	ENSG00000104695.14
P62736	ENSG00000107796.15
P62750	ENSG00000198242.15
P62753	ENSG00000137154.14
P62805	ENSG00000274618.2
P62805	ENSG00000197238.5
P62805	ENSG00000197837.4
P62805	ENSG00000158406.6
P62805	ENSG00000278705.4
P62805	ENSG00000197061.5
P62805	ENSG00000270882.3
P62805	ENSG00000270276.3
P62805	ENSG00000273542.3
P62805	ENSG00000277157.2
P62805	ENSG00000276966.3
P62805	ENSG00000276180.3
P62805	ENSG00000278637.3
P62805	ENSG00000275126.2
P62807	ENSG00000180596.10
P62807	ENSG00000277224.3
P62807	ENSG00000278588.2
P62807	ENSG00000273802.3
P62807	ENSG00000274290.3
P62826	ENSG00000132341.13
P62829	ENSG00000125691.16
P62841	ENSG00000115268.11
P62847	ENSG00000138326.22
P62851	ENSG00000118181.12
P62851	ENSG00000280831.3
P62857	ENSG00000233927.6
P62861	ENSG00000149806.12
P62873	ENSG00000078369.20
P62879	ENSG00000172354.11
P62899	ENSG00000071082.12
P62906	ENSG00000198755.12
P62913	ENSG00000142676.15
P62917	ENSG00000161016.19
P62987	ENSG00000221983.9
P62993	ENSG00000177885.16
P63010	ENSG00000006125.19
P63096	ENSG00000127955.18
P63151	ENSG00000221914.12
P63173	ENSG00000172809.14
P63208	ENSG00000113558.20
P63241	ENSG00000132507.19
P63241	ENSG00000288145.1
P63244	ENSG00000204628.13
P63261	ENSG00000184009.14
P63261	ENSG00000291420.1
P63272	ENSG00000213246.7
P63313	ENSG00000034510.7
P67809	ENSG00000065978.20
P67936	ENSG00000167460.19
P68032	ENSG00000159251.11
P68036	ENSG00000185651.17
P68104	ENSG00000156508.21
P68400	ENSG00000101266.20
P68431	ENSG00000197409.9
P68431	ENSG00000197153.5
P68431	ENSG00000278828.2
P68431	ENSG00000287080.2
P68431	ENSG00000275714.3
P68431	ENSG00000273983.2
P68431	ENSG00000274750.4
P68431	ENSG00000275379.2
P68431	ENSG00000277775.2
P68431	ENSG00000286522.2
P68543	ENSG00000173960.15
P69849	ENSG00000103226.20
P69849	ENSG00000278087.4
P69905	ENSG00000188536.14
P69905	ENSG00000206172.9
P78316	ENSG00000087269.17
P78325	ENSG00000151651.17
P78344	ENSG00000110321.19
P78347	ENSG00000263001.10
P78356	ENSG00000277292.2
P78356	ENSG00000276293.6
P78357	ENSG00000108797.12
P78368	ENSG00000133275.17
P78371	ENSG00000166226.14
P78381	ENSG00000102100.17
P78381	ENSG00000292209.1
P78382	ENSG00000164414.20
P78395	ENSG00000185686.18
P78395	ENSG00000275013.4
P78396	ENSG00000133101.11
P78406	ENSG00000101146.14
P78415	ENSG00000177508.12
P78508	ENSG00000177807.12
P78527	ENSG00000253729.10
P78536	ENSG00000151694.16
P78537	ENSG00000135441.9
P78549	ENSG00000065057.10
P78559	ENSG00000166963.13
P80217	ENSG00000068079.8
P82094	ENSG00000144747.18
P82650	ENSG00000175110.15
P82909	ENSG00000134056.13
P82909	ENSG00000278461.4
P82914	ENSG00000116898.13
P83436	ENSG00000168434.14
P83731	ENSG00000114391.15
P83876	ENSG00000141759.15
P84095	ENSG00000177105.11
P84098	ENSG00000108298.13
P85037	ENSG00000164916.12
P86452	ENSG00000257315.4
P86790	ENSG00000146574.17
P86790	ENSG00000122674.13
P98082	ENSG00000153071.16
P98160	ENSG00000142798.20
P98161	ENSG00000008710.20
P98171	ENSG00000089820.18
P98179	ENSG00000102317.19
P98194	ENSG00000017260.21
P98196	ENSG00000068650.20
Q00169	ENSG00000174238.16
Q00325	ENSG00000075415.16
Q00341	ENSG00000115677.19
Q00403	ENSG00000137947.13
Q00526	ENSG00000250506.10
Q00534	ENSG00000105810.11
Q00537	ENSG00000059758.9
Q00610	ENSG00000141367.15
Q00613	ENSG00000185122.12
Q00613	ENSG00000284774.2
Q00653	ENSG00000077150.22
Q00722	ENSG00000137841.13
Q00839	ENSG00000153187.22
Q00987	ENSG00000135679.28
Q01082	ENSG00000115306.18
Q01094	ENSG00000101412.14
Q01105	ENSG00000119335.19
Q01151	ENSG00000112149.12
Q01167	ENSG00000141568.22
Q01196	ENSG00000159216.21
Q01201	ENSG00000104856.15
Q01432	ENSG00000133805.17
Q01433	ENSG00000116337.21
Q01484	ENSG00000145362.22
Q01518	ENSG00000131236.19
Q01581	ENSG00000112972.16
Q01629	ENSG00000185201.18
Q01650	ENSG00000103257.11
Q01664	ENSG00000090447.13
Q01780	ENSG00000171824.15
Q01804	ENSG00000164164.18
Q01813	ENSG00000067057.20
Q01814	ENSG00000157087.20
Q01826	ENSG00000182568.19
Q01844	ENSG00000182944.19
Q01850	ENSG00000140743.9
Q01892	ENSG00000269404.7
Q01970	ENSG00000149782.14
Q02078	ENSG00000068305.20
Q02108	ENSG00000164116.18
Q02153	ENSG00000061918.15
Q02224	ENSG00000138778.15
Q02241	ENSG00000137807.17
Q02447	ENSG00000172845.18
Q02535	ENSG00000117318.10
Q02535	ENSG00000283060.2
Q02543	ENSG00000105640.14
Q02548	ENSG00000196092.14
Q02556	ENSG00000140968.13
Q02750	ENSG00000169032.12
Q02790	ENSG00000004478.9
Q02809	ENSG00000083444.18
Q02878	ENSG00000089009.17
Q02880	ENSG00000077097.18
Q02952	ENSG00000131016.18
Q03001	ENSG00000151914.22
Q03112	ENSG00000085276.19
Q03154	ENSG00000243989.10
Q03164	ENSG00000118058.26
Q03169	ENSG00000185215.12
Q03188	ENSG00000145241.12
Q03252	ENSG00000176619.14
Q03468	ENSG00000225830.17
Q03518	ENSG00000168394.14
Q03518	ENSG00000206297.7
Q03518	ENSG00000226173.4
Q03518	ENSG00000227816.4
Q03518	ENSG00000230705.4
Q03518	ENSG00000224212.4
Q03518	ENSG00000232367.5
Q03519	ENSG00000204267.20
Q03519	ENSG00000206235.8
Q03519	ENSG00000206299.8
Q03519	ENSG00000228582.9
Q03519	ENSG00000237599.9
Q03519	ENSG00000232326.9
Q03519	ENSG00000225967.9
Q03519	ENSG00000223481.9
Q03701	ENSG00000115816.16
Q03933	ENSG00000025156.14
Q03936	ENSG00000146757.14
Q03989	ENSG00000196843.19
Q04206	ENSG00000173039.21
Q04323	ENSG00000162191.15
Q04446	ENSG00000114480.14
Q04637	ENSG00000114867.23
Q04656	ENSG00000165240.22
Q04721	ENSG00000134250.22
Q04725	ENSG00000065717.17
Q04726	ENSG00000140332.19
Q04837	ENSG00000106028.12
Q04837	ENSG00000262771.5
Q04917	ENSG00000128245.16
Q05048	ENSG00000101138.13
Q05397	ENSG00000169398.21
Q05519	ENSG00000116754.15
Q05639	ENSG00000101210.16
Q05923	ENSG00000158050.7
Q06033	ENSG00000162267.15
Q06124	ENSG00000179295.20
Q06187	ENSG00000010671.19
Q06190	ENSG00000073711.12
Q06203	ENSG00000128059.9
Q06210	ENSG00000198380.14
Q06265	ENSG00000123737.14
Q06278	ENSG00000138356.15
Q06323	ENSG00000092010.16
Q06323	ENSG00000284916.2
Q06330	ENSG00000168214.23
Q06413	ENSG00000081189.18
Q06546	ENSG00000154727.12
Q06787	ENSG00000102081.17
Q06945	ENSG00000124766.7
Q07020	ENSG00000063177.14
Q07021	ENSG00000108561.8
Q07065	ENSG00000136026.15
Q07157	ENSG00000104067.18
Q07157	ENSG00000277401.4
Q07343	ENSG00000184588.18
Q07666	ENSG00000121774.19
Q07820	ENSG00000143384.14
Q07864	ENSG00000177084.20
Q07866	ENSG00000126214.23
Q07869	ENSG00000186951.18
Q07889	ENSG00000115904.16
Q07890	ENSG00000100485.13
Q07912	ENSG00000061938.22
Q07954	ENSG00000123384.14
Q07960	ENSG00000175220.13
Q08117	ENSG00000104964.16
Q08209	ENSG00000138814.18
Q08211	ENSG00000135829.18
Q08257	ENSG00000116791.15
Q08378	ENSG00000090615.17
Q08379	ENSG00000167110.20
Q08431	ENSG00000140545.17
Q08499	ENSG00000113448.21
Q08945	ENSG00000149136.10
Q08999	ENSG00000103479.18
Q08AD1	ENSG00000118200.17
Q08AF3	ENSG00000166750.11
Q08ER8	ENSG00000178229.9
Q08J23	ENSG00000037474.16
Q09019	ENSG00000185800.13
Q09028	ENSG00000162521.19
Q09161	ENSG00000136937.14
Q09327	ENSG00000128268.13
Q09472	ENSG00000100393.17
Q09666	ENSG00000124942.14
Q0D2I5	ENSG00000010295.21
Q0IIM8	ENSG00000133138.21
Q0P6H9	ENSG00000137842.8
Q0PNE2	ENSG00000163832.17
Q0VAM2	ENSG00000138670.20
Q10471	ENSG00000143641.11
Q10567	ENSG00000100280.18
Q10570	ENSG00000071894.18
Q10570	ENSG00000285049.2
Q10589	ENSG00000130303.15
Q10713	ENSG00000165688.15
Q12766	ENSG00000113716.14
Q12768	ENSG00000164961.17
Q12769	ENSG00000030066.15
Q12770	ENSG00000114650.22
Q12772	ENSG00000198911.14
Q12778	ENSG00000150907.11
Q12788	ENSG00000183751.17
Q12788	ENSG00000291938.1
Q12789	ENSG00000077235.19
Q12796	ENSG00000146278.11
Q12797	ENSG00000198363.19
Q12800	ENSG00000135457.12
Q12802	ENSG00000170776.23
Q12815	ENSG00000135451.14
Q12824	ENSG00000099956.21
Q12824	ENSG00000275837.3
Q12830	ENSG00000171634.19
Q12834	ENSG00000117399.15
Q12840	ENSG00000155980.14
Q12851	ENSG00000168067.13
Q12872	ENSG00000061936.11
Q12873	ENSG00000170004.19
Q12874	ENSG00000183431.13
Q12884	ENSG00000078098.16
Q12888	ENSG00000067369.15
Q12894	ENSG00000214706.13
Q12899	ENSG00000137313.15
Q12899	ENSG00000231002.7
Q12899	ENSG00000234046.7
Q12899	ENSG00000228881.7
Q12899	ENSG00000231641.9
Q12899	ENSG00000226060.7
Q12899	ENSG00000230230.7
Q12899	ENSG00000234127.10
Q12904	ENSG00000164022.19
Q12905	ENSG00000143621.18
Q12906	ENSG00000129351.19
Q12907	ENSG00000169223.17
Q12912	ENSG00000118308.17
Q12923	ENSG00000163629.14
Q12931	ENSG00000126602.12
Q12933	ENSG00000127191.20
Q12955	ENSG00000151150.23
Q12959	ENSG00000075711.22
Q12965	ENSG00000157483.10
Q12968	ENSG00000072736.19
Q12972	ENSG00000117751.19
Q12974	ENSG00000184007.22
Q12979	ENSG00000159842.17
Q12979	ENSG00000276016.4
Q12979	ENSG00000278741.4
Q12980	ENSG00000103148.18
Q12981	ENSG00000113734.19
Q12986	ENSG00000086102.20
Q12996	ENSG00000176102.14
Q13011	ENSG00000104823.10
Q13011	ENSG00000282853.2
Q13017	ENSG00000100852.15
Q13029	ENSG00000116731.23
Q13043	ENSG00000101109.15
Q13045	ENSG00000177731.17
Q13045	ENSG00000284571.3
Q13057	ENSG00000068120.15
Q13077	ENSG00000056558.12
Q13084	ENSG00000086504.19
Q13085	ENSG00000275176.4
Q13085	ENSG00000278540.5
Q13098	ENSG00000169727.15
Q13099	ENSG00000032742.19
Q13107	ENSG00000114316.14
Q13111	ENSG00000167670.17
Q13112	ENSG00000159259.9
Q13115	ENSG00000120875.9
Q13118	ENSG00000155090.16
Q13123	ENSG00000113141.20
Q13127	ENSG00000084093.20
Q13129	ENSG00000117000.9
Q13131	ENSG00000132356.12
Q13136	ENSG00000131626.20
Q13136	ENSG00000288198.2
Q13137	ENSG00000136436.17
Q13144	ENSG00000145191.16
Q13148	ENSG00000120948.20
Q13151	ENSG00000177733.8
Q13155	ENSG00000106305.11
Q13158	ENSG00000168040.6
Q13162	ENSG00000123131.14
Q13164	ENSG00000166484.21
Q13188	ENSG00000104375.18
Q13190	ENSG00000162236.14
Q13191	ENSG00000114423.24
Q13200	ENSG00000175166.18
Q13206	ENSG00000178105.13
Q13207	ENSG00000121068.15
Q13217	ENSG00000102580.16
Q13227	ENSG00000132522.17
Q13227	ENSG00000288325.1
Q13228	ENSG00000143416.22
Q13233	ENSG00000095015.7
Q13239	ENSG00000155926.15
Q13257	ENSG00000164109.15
Q13263	ENSG00000130726.13
Q13283	ENSG00000145907.17
Q13287	ENSG00000123609.12
Q13308	ENSG00000112655.17
Q13309	ENSG00000145604.18
Q13310	ENSG00000090621.16
Q13315	ENSG00000149311.23
Q13325	ENSG00000152778.10
Q13330	ENSG00000182979.19
Q13342	ENSG00000079263.20
Q13347	ENSG00000084623.13
Q13352	ENSG00000142856.19
Q13356	ENSG00000100023.20
Q13362	ENSG00000078304.21
Q13363	ENSG00000159692.19
Q13371	ENSG00000136940.15
Q13393	ENSG00000075651.18
Q13395	ENSG00000059588.11
Q13409	ENSG00000077380.17
Q13409	ENSG00000292102.1
Q13415	ENSG00000085840.14
Q13416	ENSG00000115942.10
Q13418	ENSG00000166333.15
Q13421	ENSG00000102854.17
Q13422	ENSG00000185811.22
Q13423	ENSG00000112992.19
Q13425	ENSG00000168807.18
Q13428	ENSG00000070814.23
Q13432	ENSG00000109103.13
Q13433	ENSG00000141424.13
Q13435	ENSG00000087365.17
Q13438	ENSG00000135506.18
Q13439	ENSG00000144674.20
Q13459	ENSG00000099331.15
Q13464	ENSG00000067900.9
Q13469	ENSG00000101096.21
Q13480	ENSG00000109458.11
Q13485	ENSG00000141646.18
Q13487	ENSG00000104976.14
Q13488	ENSG00000110719.11
Q13489	ENSG00000023445.18
Q13492	ENSG00000073921.19
Q13496	ENSG00000171100.17
Q13501	ENSG00000161011.21
Q13501	ENSG00000284099.3
Q13505	ENSG00000173171.15
Q13530	ENSG00000132824.15
Q13535	ENSG00000175054.17
Q13547	ENSG00000116478.14
Q13561	ENSG00000175203.18
Q13564	ENSG00000159593.16
Q13568	ENSG00000128604.22
Q13569	ENSG00000139372.15
Q13571	ENSG00000162511.9
Q13572	ENSG00000100605.18
Q13572	ENSG00000274958.4
Q13576	ENSG00000145703.17
Q13586	ENSG00000167323.14
Q13596	ENSG00000028528.16
Q13613	ENSG00000063601.18
Q13614	ENSG00000087053.20
Q13616	ENSG00000055130.19
Q13617	ENSG00000108094.18
Q13618	ENSG00000036257.15
Q13620	ENSG00000158290.20
Q13625	ENSG00000143514.19
Q13627	ENSG00000157540.23
Q13630	ENSG00000104522.17
Q13630	ENSG00000278243.2
Q13671	ENSG00000174791.12
Q13685	ENSG00000127837.11
Q13724	ENSG00000115275.15
Q13753	ENSG00000058085.16
Q13769	ENSG00000100296.15
Q13772	ENSG00000266412.7
Q13794	ENSG00000141682.13
Q13813	ENSG00000197694.20
Q13823	ENSG00000134697.14
Q13867	ENSG00000108578.16
Q13868	ENSG00000130713.18
Q13885	ENSG00000137267.8
Q13888	ENSG00000145736.16
Q13888	ENSG00000276910.4
Q13888	ENSG00000275045.4
Q13889	ENSG00000111358.14
Q13895	ENSG00000112578.12
Q13901	ENSG00000197223.13
Q13905	ENSG00000107263.20
Q13907	ENSG00000067064.13
Q13972	ENSG00000058335.16
Q14004	ENSG00000065883.19
Q14005	ENSG00000172349.20
Q14008	ENSG00000175216.16
Q14094	ENSG00000118816.13
Q14103	ENSG00000138668.21
Q14126	ENSG00000046604.16
Q14137	ENSG00000261236.9
Q14139	ENSG00000110344.11
Q14141	ENSG00000125354.25
Q14142	ENSG00000106785.16
Q14145	ENSG00000079999.15
Q14146	ENSG00000135763.11
Q14151	ENSG00000130254.14
Q14152	ENSG00000107581.15
Q14157	ENSG00000143569.21
Q14160	ENSG00000180900.21
Q14160	ENSG00000274287.4
Q14161	ENSG00000139436.23
Q14165	ENSG00000110917.10
Q14166	ENSG00000100304.13
Q14181	ENSG00000014138.11
Q14185	ENSG00000150760.14
Q14186	ENSG00000198176.14
Q14188	ENSG00000114126.19
Q14190	ENSG00000159263.16
Q14191	ENSG00000165392.12
Q14202	ENSG00000147130.15
Q14203	ENSG00000204843.14
Q14204	ENSG00000197102.15
Q14207	ENSG00000149308.19
Q14213	ENSG00000105246.7
Q14232	ENSG00000111361.14
Q14240	ENSG00000156976.18
Q14241	ENSG00000011007.14
Q14246	ENSG00000174837.15
Q14249	ENSG00000167136.8
Q14254	ENSG00000132589.17
Q14257	ENSG00000117906.15
Q14258	ENSG00000121060.19
Q14289	ENSG00000120899.19
Q14296	ENSG00000164896.22
Q14315	ENSG00000128591.18
Q14435	ENSG00000115339.16
Q14444	ENSG00000135387.22
Q14457	ENSG00000126581.14
Q14493	ENSG00000163950.14
Q14494	ENSG00000082641.17
Q14498	ENSG00000131051.25
Q14517	ENSG00000083857.16
Q14526	ENSG00000177374.14
Q14527	ENSG00000071794.17
Q14534	ENSG00000104549.13
Q14558	ENSG00000161542.18
Q14562	ENSG00000067596.13
Q14566	ENSG00000076003.6
Q14571	ENSG00000123104.12
Q14573	ENSG00000096433.12
Q14586	ENSG00000185947.16
Q14592	ENSG00000197714.10
Q14596	ENSG00000188554.16
Q14643	ENSG00000150995.21
Q14651	ENSG00000120756.14
Q14653	ENSG00000126456.17
Q14667	ENSG00000007202.17
Q14669	ENSG00000153827.16
Q14671	ENSG00000134644.17
Q14674	ENSG00000135476.13
Q14677	ENSG00000113282.15
Q14678	ENSG00000107104.22
Q14679	ENSG00000135912.12
Q14680	ENSG00000165304.9
Q14683	ENSG00000072501.20
Q14684	ENSG00000160208.13
Q14686	ENSG00000198646.15
Q14687	ENSG00000131149.20
Q14689	ENSG00000160305.20
Q14690	ENSG00000148843.16
Q14691	ENSG00000101003.12
Q14692	ENSG00000165733.9
Q14693	ENSG00000134324.13
Q14694	ENSG00000103194.17
Q14697	ENSG00000089597.19
Q14703	ENSG00000140943.18
Q14728	ENSG00000109736.16
Q14738	ENSG00000112640.17
Q14739	ENSG00000143815.16
Q14746	ENSG00000135775.15
Q14764	ENSG00000013364.20
Q14765	ENSG00000138378.21
Q14774	ENSG00000136630.14
Q14789	ENSG00000173230.18
Q14790	ENSG00000064012.25
Q14807	ENSG00000079616.15
Q14814	ENSG00000116604.20
Q14814	ENSG00000291761.1
Q14839	ENSG00000111642.17
Q14919	ENSG00000175550.8
Q14966	ENSG00000075292.21
Q14974	ENSG00000108424.12
Q14978	ENSG00000166197.18
Q14980	ENSG00000137497.20
Q14997	ENSG00000068878.16
Q14999	ENSG00000044090.14
Q149N8	ENSG00000146414.18
Q14C86	ENSG00000165219.24
Q14CB8	ENSG00000213390.12
Q14CB8	ENSG00000269891.2
Q14CX7	ENSG00000111300.11
Q14CZ0	ENSG00000182831.13
Q15003	ENSG00000121152.11
Q15004	ENSG00000166803.15
Q15004	ENSG00000259316.12
Q15005	ENSG00000118363.14
Q15006	ENSG00000104412.9
Q15007	ENSG00000146457.17
Q15008	ENSG00000163636.12
Q15011	ENSG00000051108.16
Q15014	ENSG00000123562.19
Q15019	ENSG00000168385.19
Q15020	ENSG00000075856.13
Q15021	ENSG00000010292.14
Q15022	ENSG00000178691.13
Q15027	ENSG00000072818.13
Q15027	ENSG00000288169.1
Q15029	ENSG00000108883.14
Q15032	ENSG00000048991.19
Q15034	ENSG00000138641.20
Q15035	ENSG00000065308.6
Q15036	ENSG00000115234.12
Q15038	ENSG00000183283.17
Q15041	ENSG00000170540.17
Q15042	ENSG00000115839.21
Q15043	ENSG00000104635.16
Q15046	ENSG00000065427.16
Q15047	ENSG00000143379.14
Q15050	ENSG00000179041.4
Q15051	ENSG00000173226.18
Q15056	ENSG00000106682.16
Q15057	ENSG00000114331.17
Q15058	ENSG00000118193.13
Q15059	ENSG00000169925.18
Q15061	ENSG00000163811.13
Q15067	ENSG00000161533.13
Q15070	ENSG00000155463.15
Q15075	ENSG00000102189.18
Q15149	ENSG00000178209.18
Q15154	ENSG00000078674.21
Q15155	ENSG00000103512.17
Q15155	ENSG00000274779.4
Q15172	ENSG00000066027.13
Q15181	ENSG00000180817.13
Q15208	ENSG00000112079.11
Q15233	ENSG00000147140.18
Q15257	ENSG00000119383.22
Q15262	ENSG00000152894.16
Q15262	ENSG00000273993.4
Q15269	ENSG00000241945.9
Q15274	ENSG00000103485.20
Q15276	ENSG00000029725.18
Q15283	ENSG00000155903.15
Q15287	ENSG00000205937.12
Q15293	ENSG00000049449.11
Q15293	ENSG00000285283.1
Q15306	ENSG00000137265.17
Q15311	ENSG00000017797.14
Q15327	ENSG00000148677.8
Q15329	ENSG00000133740.12
Q15334	ENSG00000131899.14
Q15345	ENSG00000132128.19
Q15349	ENSG00000071242.14
Q15363	ENSG00000086598.12
Q15365	ENSG00000169564.7
Q15370	ENSG00000103363.17
Q15386	ENSG00000009335.20
Q15388	ENSG00000173726.12
Q15392	ENSG00000116133.14
Q15393	ENSG00000189091.14
Q15397	ENSG00000080608.11
Q15398	ENSG00000126787.14
Q15404	ENSG00000148484.19
Q15417	ENSG00000117519.17
Q15424	ENSG00000160633.14
Q15427	ENSG00000143368.11
Q15428	ENSG00000104897.11
Q15435	ENSG00000115685.16
Q15436	ENSG00000100934.16
Q15437	ENSG00000101310.18
Q15459	ENSG00000099995.20
Q15468	ENSG00000123473.18
Q15477	ENSG00000204351.14
Q15477	ENSG00000206353.11
Q15477	ENSG00000232616.9
Q15477	ENSG00000228896.9
Q15477	ENSG00000223493.9
Q15477	ENSG00000225737.9
Q15532	ENSG00000141380.15
Q15542	ENSG00000148835.13
Q15545	ENSG00000178913.9
Q15560	ENSG00000171703.18
Q15573	ENSG00000143498.19
Q15582	ENSG00000120708.17
Q15596	ENSG00000140396.14
Q15629	ENSG00000067167.9
Q15631	ENSG00000211460.13
Q15633	ENSG00000139546.12
Q15637	ENSG00000168066.23
Q15643	ENSG00000100815.13
Q15645	ENSG00000071539.15
Q15648	ENSG00000125686.13
Q15650	ENSG00000103671.11
Q15652	ENSG00000171988.20
Q15654	ENSG00000087077.15
Q15678	ENSG00000152104.12
Q15691	ENSG00000101367.10
Q15738	ENSG00000147383.12
Q15738	ENSG00000292192.1
Q15742	ENSG00000166886.14
Q15746	ENSG00000065534.21
Q15751	ENSG00000103657.14
Q15758	ENSG00000105281.14
Q15773	ENSG00000089693.12
Q15776	ENSG00000198315.12
Q15782	ENSG00000064886.15
Q15800	ENSG00000052802.14
Q15825	ENSG00000147434.9
Q15833	ENSG00000076944.18
Q15834	ENSG00000175602.4
Q15878	ENSG00000198216.14
Q15904	ENSG00000071553.19
Q15910	ENSG00000106462.13
Q15911	ENSG00000140836.17
Q15973	ENSG00000196418.14
Q16181	ENSG00000122545.22
Q16186	ENSG00000130706.14
Q16206	ENSG00000165675.21
Q16222	ENSG00000117143.15
Q16236	ENSG00000116044.18
Q16254	ENSG00000205250.10
Q16401	ENSG00000095261.15
Q16512	ENSG00000123143.14
Q16513	ENSG00000065243.21
Q16531	ENSG00000167986.16
Q16533	ENSG00000023608.6
Q16537	ENSG00000154001.15
Q16539	ENSG00000112062.14
Q16543	ENSG00000105401.11
Q16548	ENSG00000140379.9
Q16570	ENSG00000213088.15
Q16576	ENSG00000102054.19
Q16585	ENSG00000163069.14
Q16589	ENSG00000138764.16
Q16594	ENSG00000273841.7
Q16594	ENSG00000276463.4
Q16611	ENSG00000030110.15
Q16630	ENSG00000111605.19
Q16633	ENSG00000110777.12
Q16635	ENSG00000102125.18
Q16637	ENSG00000172062.18
Q16637	ENSG00000205571.16
Q16637	ENSG00000277773.4
Q16637	ENSG00000273772.4
Q16637	ENSG00000275349.4
Q16656	ENSG00000106459.16
Q16659	ENSG00000069956.15
Q16665	ENSG00000100644.18
Q16666	ENSG00000163565.21
Q16678	ENSG00000138061.14
Q16690	ENSG00000138166.7
Q16706	ENSG00000112893.11
Q16719	ENSG00000115919.16
Q16763	ENSG00000108106.15
Q16787	ENSG00000053747.17
Q16790	ENSG00000107159.15
Q16795	ENSG00000139180.12
Q16831	ENSG00000183696.15
Q16832	ENSG00000162733.20
Q16842	ENSG00000157350.14
Q16850	ENSG00000001630.19
Q16851	ENSG00000169764.17
Q16864	ENSG00000128524.5
Q16873	ENSG00000213316.11
Q16873	ENSG00000283887.2
Q16875	ENSG00000170525.22
Q16881	ENSG00000198431.18
Q16891	ENSG00000132305.23
Q17RB8	ENSG00000154359.14
Q17RS7	ENSG00000178295.16
Q1ED39	ENSG00000103550.15
Q1KMD3	ENSG00000214753.5
Q1MSJ5	ENSG00000104218.17
Q24JP5	ENSG00000006118.15
Q24JQ0	ENSG00000134490.15
Q27J81	ENSG00000203485.15
Q29RF7	ENSG00000121892.16
Q2KHM9	ENSG00000198920.11
Q2KHT3	ENSG00000038532.18
Q2LD37	ENSG00000138688.17
Q2M1K9	ENSG00000102935.12
Q2M1Z3	ENSG00000031081.12
Q2M2I8	ENSG00000115977.22
Q2M2Z5	ENSG00000088970.17
Q2M389	ENSG00000136051.16
Q2NKJ3	ENSG00000178971.18
Q2NKX8	ENSG00000186871.7
Q2NL68	ENSG00000167595.17
Q2NL82	ENSG00000167721.12
Q2T9J0	ENSG00000156521.15
Q2TAK8	ENSG00000160953.18
Q2TAL8	ENSG00000198218.13
Q2TAY7	ENSG00000122692.10
Q2TAZ0	ENSG00000110046.15
Q2TB10	ENSG00000048405.12
Q2V2M9	ENSG00000134775.17
Q2VIR3	ENSG00000180574.4
Q2VPB7	ENSG00000254470.4
Q2VPK5	ENSG00000174177.14
Q32MH5	ENSG00000047346.14
Q32MZ4	ENSG00000124831.21
Q32NB8	ENSG00000087157.20
Q32P28	ENSG00000117385.17
Q38SD2	ENSG00000154237.13
Q3B7J2	ENSG00000141098.14
Q3B7T1	ENSG00000107938.19
Q3BBV0	ENSG00000219481.11
Q3KQU3	ENSG00000116871.17
Q3L8U1	ENSG00000177200.18
Q3LXA3	ENSG00000149476.17
Q3MIX3	ENSG00000173137.13
Q3MIX3	ENSG00000285451.2
Q3SXM5	ENSG00000103160.13
Q3SYG4	ENSG00000122507.22
Q3V6T2	ENSG00000115355.19
Q3ZAQ7	ENSG00000160131.15
Q3ZCM7	ENSG00000261456.6
Q460N3	ENSG00000173200.14
Q460N5	ENSG00000173193.16
Q495B1	ENSG00000166839.19
Q49A88	ENSG00000175455.17
Q49AG3	ENSG00000236287.9
Q49AM3	ENSG00000115282.22
Q49AN0	ENSG00000121671.13
Q4AC94	ENSG00000168014.19
Q4ADV7	ENSG00000107036.13
Q4FZB7	ENSG00000110066.16
Q4G0J3	ENSG00000174720.19
Q4G0N4	ENSG00000152620.14
Q4G0X4	ENSG00000188997.9
Q4J6C6	ENSG00000138078.17
Q4KMP7	ENSG00000169221.15
Q4KMQ1	ENSG00000176058.14
Q4KMQ2	ENSG00000177119.18
Q4L235	ENSG00000157426.15
Q4LE39	ENSG00000054267.23
Q4VC31	ENSG00000160124.10
Q4ZG55	ENSG00000196208.15
Q4ZIN3	ENSG00000182087.15
Q504Q3	ENSG00000135473.17
Q504T8	ENSG00000167470.15
Q52LR7	ENSG00000135999.14
Q52LW3	ENSG00000137962.14
Q53EL6	ENSG00000150593.19
Q53EP0	ENSG00000075420.14
Q53EQ6	ENSG00000278016.2
Q53EQ6	ENSG00000179886.6
Q53ET0	ENSG00000160741.18
Q53EZ4	ENSG00000138180.17
Q53F39	ENSG00000154889.18
Q53FT3	ENSG00000149196.18
Q53FV1	ENSG00000123353.11
Q53G44	ENSG00000137959.18
Q53G59	ENSG00000117153.17
Q53GL7	ENSG00000178685.15
Q53GS7	ENSG00000119392.17
Q53GS9	ENSG00000168883.21
Q53GT1	ENSG00000099910.18
Q53H47	ENSG00000170364.14
Q53H54	ENSG00000183665.5
Q53H80	ENSG00000135334.10
Q53HC5	ENSG00000167487.12
Q53HC9	ENSG00000032389.14
Q53HL2	ENSG00000134690.12
Q53S33	ENSG00000163170.13
Q53TQ3	ENSG00000114933.17
Q53TQ3	ENSG00000283510.2
Q562E7	ENSG00000167716.19
Q562E7	ENSG00000276021.4
Q562F6	ENSG00000163535.19
Q567U6	ENSG00000125633.12
Q56NI9	ENSG00000171320.15
Q56VL3	ENSG00000145247.13
Q58EX7	ENSG00000196155.14
Q58WW2	ENSG00000143164.17
Q5BJD5	ENSG00000166471.12
Q5BJF2	ENSG00000109084.14
Q5BJF6	ENSG00000136811.17
Q5BJH2	ENSG00000132406.13
Q5BJH7	ENSG00000167645.18
Q5BKT4	ENSG00000139133.7
Q5C9Z4	ENSG00000146909.9
Q5EBL4	ENSG00000188026.14
Q5FWF4	ENSG00000121988.19
Q5GLZ8	ENSG00000148634.17
Q5H8A4	ENSG00000174227.17
Q5H9F3	ENSG00000085185.16
Q5H9R7	ENSG00000110075.16
Q5H9S7	ENSG00000115827.15
Q5H9U9	ENSG00000181381.16
Q5HYA8	ENSG00000164953.17
Q5I7T1	ENSG00000175548.9
Q5JPE7	ENSG00000185164.17
Q5JPH6	ENSG00000103356.18
Q5JPI3	ENSG00000179021.11
Q5JRA6	ENSG00000154305.19
Q5JRX3	ENSG00000107959.18
Q5JS54	ENSG00000180822.13
Q5JSH3	ENSG00000131725.15
Q5JSL3	ENSG00000147251.17
Q5JSP0	ENSG00000127084.20
Q5JSZ5	ENSG00000288701.1
Q5JTH9	ENSG00000052749.15
Q5JTV8	ENSG00000143337.19
Q5JTW2	ENSG00000148019.15
Q5JVF3	ENSG00000126226.23
Q5JWF2	ENSG00000087460.29
Q5JWF8	ENSG00000288649.2
Q5JWR5	ENSG00000083097.15
Q5JXB2	ENSG00000292243.1
Q5K651	ENSG00000205413.8
Q5M775	ENSG00000128487.20
Q5M7Z0	ENSG00000189050.17
Q5MIZ7	ENSG00000275052.6
Q5PRF9	ENSG00000179134.17
Q5QP82	ENSG00000122741.17
Q5QT33	ENSG00000228299.9
Q5R372	ENSG00000152061.24
Q5RL73	ENSG00000127993.16
Q5S007	ENSG00000188906.18
Q5SNT2	ENSG00000188807.14
Q5SR56	ENSG00000148110.18
Q5SRE5	ENSG00000095319.15
Q5SSJ5	ENSG00000127483.21
Q5ST30	ENSG00000137411.20
Q5ST30	ENSG00000223494.11
Q5SVZ6	ENSG00000197056.13
Q5SW79	ENSG00000143702.18
Q5SW79	ENSG00000276725.4
Q5SWH9	ENSG00000159596.8
Q5SXM2	ENSG00000165684.7
Q5SY16	ENSG00000162408.12
Q5SZK8	ENSG00000150893.11
Q5SZL2	ENSG00000111860.15
Q5T011	ENSG00000198198.17
Q5T1M5	ENSG00000119321.11
Q5T1R4	ENSG00000127124.16
Q5T1V6	ENSG00000118197.15
Q5T280	ENSG00000198917.14
Q5T2E6	ENSG00000120029.14
Q5T2T1	ENSG00000150054.20
Q5T3F8	ENSG00000137216.20
Q5T3J3	ENSG00000121931.17
Q5T3U5	ENSG00000124574.17
Q5T447	ENSG00000126107.16
Q5T4F4	ENSG00000155256.19
Q5T4S7	ENSG00000127481.15
Q5T5C0	ENSG00000164506.17
Q5T5P2	ENSG00000120549.20
Q5T5U3	ENSG00000107863.21
Q5T5X7	ENSG00000178409.15
Q5T5Y3	ENSG00000130559.19
Q5T6F0	ENSG00000198876.14
Q5T6F2	ENSG00000137073.25
Q5T6S3	ENSG00000119403.16
Q5T8I3	ENSG00000162636.17
Q5T9L3	ENSG00000116729.15
Q5T9S5	ENSG00000122483.19
Q5TA45	ENSG00000127054.23
Q5TAX3	ENSG00000134744.15
Q5TBA9	ENSG00000073910.23
Q5TC12	ENSG00000123472.14
Q5TEC6	ENSG00000273213.4
Q5TEJ8	ENSG00000130775.17
Q5TF21	ENSG00000255330.9
Q5TF21	ENSG00000214338.11
Q5TF39	ENSG00000173214.7
Q5TFE4	ENSG00000178425.15
Q5THJ4	ENSG00000048707.15
Q5THK1	ENSG00000183530.15
Q5TKA1	ENSG00000183814.17
Q5TZA2	ENSG00000058453.18
Q5U3C3	ENSG00000157600.14
Q5U623	ENSG00000166669.15
Q5UE93	ENSG00000276231.6
Q5UIP0	ENSG00000080345.19
Q5VIR6	ENSG00000141252.21
Q5VIR6	ENSG00000283883.2
Q5VSL9	ENSG00000143093.16
Q5VT06	ENSG00000135837.19
Q5VT52	ENSG00000163125.17
Q5VTE6	ENSG00000174606.15
Q5VTR2	ENSG00000155827.13
Q5VU43	ENSG00000178104.22
Q5VUA4	ENSG00000171467.17
Q5VV42	ENSG00000145996.12
Q5VV67	ENSG00000148840.12
Q5VVJ2	ENSG00000162601.13
Q5VW32	ENSG00000162819.13
Q5VW36	ENSG00000188352.14
Q5VWK0	ENSG00000186086.19
Q5VWN6	ENSG00000108021.23
Q5VWQ0	ENSG00000081019.15
Q5VWQ8	ENSG00000136848.19
Q5VYK3	ENSG00000136813.16
Q5VYS8	ENSG00000083223.19
Q5VZ89	ENSG00000137145.22
Q5VZE5	ENSG00000135040.17
Q5VZK9	ENSG00000079691.20
Q5VZM2	ENSG00000083750.14
Q5W0B1	ENSG00000152193.9
Q5W0V3	ENSG00000151553.16
Q5W5X9	ENSG00000103852.14
Q5XKP0	ENSG00000174917.10
Q5XPI4	ENSG00000164068.17
Q5XUX1	ENSG00000132004.14
Q63HK5	ENSG00000121297.8
Q63HM2	ENSG00000126773.14
Q63HN8	ENSG00000173821.20
Q63ZY3	ENSG00000197256.12
Q641Q2	ENSG00000099290.18
Q658P3	ENSG00000115107.21
Q658Y4	ENSG00000176853.17
Q659A1	ENSG00000128915.13
Q66GS9	ENSG00000174799.13
Q66K14	ENSG00000197226.14
Q66K14	ENSG00000284400.2
Q66K64	ENSG00000132017.12
Q66K64	ENSG00000288453.1
Q66K74	ENSG00000130479.12
Q66K89	ENSG00000167967.17
Q66PJ3	ENSG00000182196.15
Q676U5	ENSG00000085978.23
Q676U5	ENSG00000281089.3
Q687X5	ENSG00000127954.14
Q68CL5	ENSG00000134779.16
Q68CP9	ENSG00000189079.19
Q68CQ4	ENSG00000117597.19
Q68CR1	ENSG00000091490.12
Q68CZ1	ENSG00000103494.17
Q68CZ2	ENSG00000136205.19
Q68DH5	ENSG00000164187.8
Q68DK2	ENSG00000072121.17
Q68DQ2	ENSG00000080200.10
Q68DX3	ENSG00000170324.21
Q68E01	ENSG00000143624.15
Q68E01	ENSG00000262826.5
Q68EA5	ENSG00000171970.15
Q68EM7	ENSG00000140750.18
Q68EM7	ENSG00000288353.1
Q69YN2	ENSG00000095485.19
Q69YN4	ENSG00000164944.13
Q69YQ0	ENSG00000100014.21
Q6AHZ1	ENSG00000177853.16
Q6AWC2	ENSG00000151718.17
Q6BDS2	ENSG00000065060.18
Q6DD88	ENSG00000184743.14
Q6DKI1	ENSG00000146223.17
Q6DKK2	ENSG00000011295.17
Q6DN14	ENSG00000175471.20
Q6DN90	ENSG00000144711.17
Q6EKJ0	ENSG00000174428.20
Q6EMB2	ENSG00000119685.21
Q6F5E8	ENSG00000159753.15
Q6FI81	ENSG00000005194.16
Q6GYQ0	ENSG00000174373.17
Q6I9Y2	ENSG00000163634.12
Q6IA69	ENSG00000172890.14
Q6IA86	ENSG00000134759.15
Q6IAN0	ENSG00000109016.19
Q6IBW4	ENSG00000025770.20
Q6IC98	ENSG00000075240.18
Q6ICG6	ENSG00000100364.20
Q6IPU0	ENSG00000188312.15
Q6IPU0	ENSG00000291348.1
Q6IQ26	ENSG00000184014.10
Q6IQ32	ENSG00000101544.10
Q6J4K2	ENSG00000089060.13
Q6JQN1	ENSG00000111271.16
Q6KB66	ENSG00000167767.14
Q6KC79	ENSG00000164190.19
Q6N063	ENSG00000111325.17
Q6N069	ENSG00000172766.20
Q6N075	ENSG00000182544.10
Q6NS38	ENSG00000189046.12
Q6NSI4	ENSG00000147231.14
Q6NSI8	ENSG00000162929.15
Q6NSJ5	ENSG00000171017.12
Q6NTF9	ENSG00000005486.18
Q6NUM6	ENSG00000277149.6
Q6NUM9	ENSG00000042445.15
Q6NUM9	ENSG00000292155.1
Q6NUN9	ENSG00000181220.19
Q6NUQ1	ENSG00000135249.9
Q6NUQ4	ENSG00000119777.21
Q6NUS6	ENSG00000119977.23
Q6NUT3	ENSG00000161091.16
Q6NW29	ENSG00000182552.15
Q6NW34	ENSG00000163608.16
Q6NXT4	ENSG00000152683.15
Q6NYC1	ENSG00000070495.16
Q6NZ63	ENSG00000105889.17
Q6P0N0	ENSG00000129534.15
Q6P158	ENSG00000163214.22
Q6P179	ENSG00000164308.19
Q6P1A2	ENSG00000111684.12
Q6P1J9	ENSG00000134371.16
Q6P1L8	ENSG00000180992.8
Q6P1M3	ENSG00000073350.15
Q6P1N0	ENSG00000132024.19
Q6P1N0	ENSG00000288293.1
Q6P1N9	ENSG00000147687.20
Q6P1N9	ENSG00000291730.1
Q6P1Q0	ENSG00000050426.17
Q6P1R4	ENSG00000169718.19
Q6P1X5	ENSG00000064313.13
Q6P2C8	ENSG00000160563.15
Q6P2E9	ENSG00000038358.16
Q6P2H3	ENSG00000130695.17
Q6P2Q9	ENSG00000174231.19
Q6P2Q9	ENSG00000274442.2
Q6P3S6	ENSG00000037637.12
Q6P3S6	ENSG00000291375.1
Q6P3W7	ENSG00000136021.20
Q6P3X3	ENSG00000018699.14
Q6P4A7	ENSG00000183605.18
Q6P4F7	ENSG00000198826.12
Q6P4F7	ENSG00000275568.4
Q6P4Q7	ENSG00000158158.13
Q6P4R8	ENSG00000170322.16
Q6P587	ENSG00000180185.13
Q6P5R6	ENSG00000163584.19
Q6P5S7	ENSG00000219200.12
Q6P5W5	ENSG00000147804.10
Q6P995	ENSG00000144369.15
Q6P996	ENSG00000179889.22
Q6P996	ENSG00000275498.5
Q6P996	ENSG00000276709.4
Q6P9B9	ENSG00000185085.2
Q6PCD5	ENSG00000168411.15
Q6PD62	ENSG00000198730.10
Q6PD74	ENSG00000103591.14
Q6PEV8	ENSG00000123575.10
Q6PFW1	ENSG00000168781.25
Q6PGP7	ENSG00000198677.14
Q6PH81	ENSG00000155330.10
Q6PHR2	ENSG00000140474.15
Q6PI26	ENSG00000144736.15
Q6PI48	ENSG00000117593.13
Q6PI78	ENSG00000164983.10
Q6PID6	ENSG00000113638.15
Q6PID8	ENSG00000128607.15
Q6PIJ6	ENSG00000145868.18
Q6PIW4	ENSG00000132436.14
Q6PIY7	ENSG00000164329.16
Q6PJ61	ENSG00000177051.7
Q6PJF5	ENSG00000129667.14
Q6PJG2	ENSG00000156030.15
Q6PJG6	ENSG00000106009.17
Q6PJP8	ENSG00000198924.9
Q6PJT7	ENSG00000100722.21
Q6PK04	ENSG00000185298.13
Q6PK18	ENSG00000181396.14
Q6PKC3	ENSG00000153066.14
Q6PKG0	ENSG00000155506.20
Q6PL18	ENSG00000156802.14
Q6Q0C0	ENSG00000131653.15
Q6R327	ENSG00000164327.15
Q6RFH5	ENSG00000133316.17
Q6SPF0	ENSG00000288488.2
Q6TFL3	ENSG00000164989.18
Q6TFL4	ENSG00000114796.17
Q6UB35	ENSG00000120254.17
Q6UB98	ENSG00000101745.18
Q6UB99	ENSG00000167522.18
Q6UN15	ENSG00000145216.18
Q6UUV7	ENSG00000140577.18
Q6UVJ0	ENSG00000156876.10
Q6UVK1	ENSG00000173546.8
Q6UW49	ENSG00000258484.5
Q6UW63	ENSG00000134901.15
Q6UW68	ENSG00000105518.15
Q6UWH6	ENSG00000144043.13
Q6UWJ1	ENSG00000150403.19
Q6UWP7	ENSG00000172954.15
Q6UWU4	ENSG00000198663.18
Q6UX98	ENSG00000174165.9
Q6UXD5	ENSG00000174938.16
Q6UXN9	ENSG00000164091.13
Q6UXY1	ENSG00000128298.19
Q6V1X1	ENSG00000074603.20
Q6VMQ6	ENSG00000171681.14
Q6VY07	ENSG00000175115.13
Q6W2J9	ENSG00000183337.19
Q6WRI0	ENSG00000152580.10
Q6XZF7	ENSG00000107554.18
Q6Y1H2	ENSG00000206527.11
Q6Y7W6	ENSG00000204120.17
Q6YBV0	ENSG00000180773.16
Q6YHK3	ENSG00000156535.15
Q6YHU6	ENSG00000115970.20
Q6YN16	ENSG00000119471.16
Q6ZMG9	ENSG00000172292.16
Q6ZMI0	ENSG00000162869.17
Q6ZMZ0	ENSG00000116514.18
Q6ZMZ3	ENSG00000176438.14
Q6ZN28	ENSG00000183742.14
Q6ZN54	ENSG00000140995.18
Q6ZN55	ENSG00000105732.14
Q6ZN66	ENSG00000183347.16
Q6ZNA4	ENSG00000157450.17
Q6ZNJ1	ENSG00000160796.19
Q6ZP29	ENSG00000040487.14
Q6ZP82	ENSG00000163492.17
Q6ZRI6	ENSG00000167173.20
Q6ZRQ5	ENSG00000146263.13
Q6ZRS2	ENSG00000080603.18
Q6ZRV2	ENSG00000180921.8
Q6ZRV2	ENSG00000273889.2
Q6ZS10	ENSG00000187912.12
Q6ZS17	ENSG00000039523.21
Q6ZS30	ENSG00000144426.19
Q6ZS81	ENSG00000128815.21
Q6ZSZ5	ENSG00000104880.19
Q6ZT07	ENSG00000109436.9
Q6ZT12	ENSG00000144357.19
Q6ZT21	ENSG00000188167.9
Q6ZT62	ENSG00000285304.1
Q6ZT98	ENSG00000137941.18
Q6ZTW0	ENSG00000141933.9
Q6ZUJ8	ENSG00000155629.16
Q6ZUM4	ENSG00000159314.14
Q6ZUM4	ENSG00000276907.4
Q6ZUM4	ENSG00000276836.4
Q6ZUT9	ENSG00000170456.17
Q6ZV29	ENSG00000130653.17
Q6ZV73	ENSG00000180263.15
Q6ZVD8	ENSG00000040199.19
Q6ZVM7	ENSG00000175662.20
Q6ZW49	ENSG00000157212.21
Q6ZWJ1	ENSG00000166263.14
Q6ZWT7	ENSG00000143797.13
Q6ZXV5	ENSG00000139324.13
Q709C8	ENSG00000129003.19
Q70CQ1	ENSG00000164663.16
Q70CQ2	ENSG00000115464.15
Q70EL2	ENSG00000123552.19
Q70J99	ENSG00000092929.14
Q70SY1	ENSG00000182158.17
Q71F56	ENSG00000123066.9
Q71RC2	ENSG00000161813.24
Q71RG4	ENSG00000168591.17
Q71SY5	ENSG00000104973.20
Q71U36	ENSG00000167552.17
Q75QN2	ENSG00000164941.15
Q75T13	ENSG00000197121.16
Q75V66	ENSG00000171714.14
Q76FK4	ENSG00000198000.13
Q76FK4	ENSG00000291347.1
Q76I76	ENSG00000141298.19
Q76L83	ENSG00000143970.18
Q76N32	ENSG00000011523.16
Q76N89	ENSG00000002746.16
Q7KZ85	ENSG00000109111.16
Q7KZF4	ENSG00000197157.12
Q7KZN9	ENSG00000014919.14
Q7L014	ENSG00000145833.17
Q7L0R7	ENSG00000146083.14
Q7L1Q6	ENSG00000082153.19
Q7L1V2	ENSG00000103111.15
Q7L273	ENSG00000104756.17
Q7L2E3	ENSG00000132153.16
Q7L2H7	ENSG00000149100.14
Q7L4I2	ENSG00000111011.19
Q7L513	ENSG00000132185.19
Q7L576	ENSG00000273749.6
Q7L576	ENSG00000288461.1
Q7L590	ENSG00000065328.18
Q7L5N1	ENSG00000168090.11
Q7L5Y9	ENSG00000090316.17
Q7L622	ENSG00000092140.17
Q7L775	ENSG00000178567.8
Q7L7V1	ENSG00000089876.13
Q7L7X3	ENSG00000160551.13
Q7L8L6	ENSG00000215251.5
Q7L8W6	ENSG00000134146.13
Q7L9L4	ENSG00000173542.9
Q7LBC6	ENSG00000120733.16
Q7LBR1	ENSG00000255112.3
Q7LDG7	ENSG00000068831.20
Q7LG56	ENSG00000048392.14
Q7LGA3	ENSG00000267561.2
Q7LGA3	ENSG00000153936.18
Q7RTP0	ENSG00000170113.17
Q7RTP0	ENSG00000288478.1
Q7RTP6	ENSG00000243156.9
Q7RTR2	ENSG00000167984.19
Q7RTS9	ENSG00000141627.15
Q7Z2E3	ENSG00000137074.21
Q7Z2K6	ENSG00000099219.16
Q7Z2T5	ENSG00000121486.13
Q7Z2W4	ENSG00000105939.15
Q7Z2Z1	ENSG00000140534.15
Q7Z333	ENSG00000107290.15
Q7Z388	ENSG00000156162.17
Q7Z392	ENSG00000168538.17
Q7Z3B4	ENSG00000138750.17
Q7Z3E1	ENSG00000163659.14
Q7Z3E5	ENSG00000135931.20
Q7Z3F1	ENSG00000163328.15
Q7Z3J2	ENSG00000103544.18
Q7Z3K3	ENSG00000143442.24
Q7Z3T8	ENSG00000039319.18
Q7Z3U7	ENSG00000061987.17
Q7Z3V4	ENSG00000151148.15
Q7Z401	ENSG00000174485.17
Q7Z403	ENSG00000141524.20
Q7Z406	ENSG00000105357.21
Q7Z412	ENSG00000215193.15
Q7Z429	ENSG00000178719.18
Q7Z434	ENSG00000088888.19
Q7Z449	ENSG00000155016.19
Q7Z460	ENSG00000074054.22
Q7Z478	ENSG00000067248.12
Q7Z4G4	ENSG00000066651.21
Q7Z4H8	ENSG00000178202.14
Q7Z4L5	ENSG00000123607.17
Q7Z4Q2	ENSG00000155393.15
Q7Z4S6	ENSG00000139116.20
Q7Z4W1	ENSG00000169738.9
Q7Z569	ENSG00000089234.17
Q7Z5J4	ENSG00000108557.21
Q7Z5K2	ENSG00000062650.21
Q7Z5L9	ENSG00000168264.13
Q7Z5Q5	ENSG00000130997.16
Q7Z5Y7	ENSG00000112078.15
Q7Z628	ENSG00000173848.20
Q7Z6A9	ENSG00000186265.12
Q7Z6E9	ENSG00000122257.21
Q7Z6I6	ENSG00000186517.14
Q7Z6J8	ENSG00000118420.18
Q7Z6L1	ENSG00000205356.11
Q7Z6M1	ENSG00000136933.18
Q7Z6M2	ENSG00000165355.9
Q7Z6Z7	ENSG00000086758.18
Q7Z739	ENSG00000185728.18
Q7Z7A1	ENSG00000119397.20
Q7Z7A3	ENSG00000142544.8
Q7Z7A4	ENSG00000168297.17
Q7Z7B0	ENSG00000118407.16
Q7Z7F7	ENSG00000162910.20
Q7Z7G8	ENSG00000132549.20
Q7Z7L1	ENSG00000172716.18
Q7Z7L7	ENSG00000160445.12
Q7Z7L8	ENSG00000187479.9
Q7Z7M0	ENSG00000105429.13
Q86SF2	ENSG00000109586.13
Q86SG6	ENSG00000160602.15
Q86SQ0	ENSG00000144824.22
Q86SQ7	ENSG00000054282.17
Q86SQ7	ENSG00000276111.3
Q86SQ9	ENSG00000117682.19
Q86SR1	ENSG00000164574.17
Q86SX3	ENSG00000185347.20
Q86T82	ENSG00000135913.12
Q86T90	ENSG00000150477.16
Q86TB9	ENSG00000166889.15
Q86TG7	ENSG00000242265.6
Q86TI0	ENSG00000065882.19
Q86TI2	ENSG00000142002.20
Q86TM6	ENSG00000162298.20
Q86TU7	ENSG00000183576.14
Q86TW2	ENSG00000063761.17
Q86U86	ENSG00000163939.20
Q86U90	ENSG00000196449.5
Q86UA6	ENSG00000129197.16
Q86UB9	ENSG00000166575.18
Q86UD5	ENSG00000164038.17
Q86UE4	ENSG00000147649.11
Q86UL3	ENSG00000158669.12
Q86UP2	ENSG00000126777.19
Q86UQ4	ENSG00000179869.15
Q86UT8	ENSG00000186166.10
Q86UT8	ENSG00000280975.3
Q86UV5	ENSG00000090686.17
Q86UW9	ENSG00000091073.21
Q86V20	ENSG00000122376.13
Q86V21	ENSG00000081760.18
Q86V24	ENSG00000006831.11
Q86V24	ENSG00000285070.2
Q86V48	ENSG00000169641.16
Q86VD9	ENSG00000119227.9
Q86VH2	ENSG00000165115.16
Q86VI3	ENSG00000183856.12
Q86VI3	ENSG00000291754.1
Q86VP1	ENSG00000106052.15
Q86VP6	ENSG00000111530.14
Q86VR2	ENSG00000141699.12
Q86VS8	ENSG00000168172.10
Q86VV8	ENSG00000176225.16
Q86VW0	ENSG00000187231.15
Q86VX2	ENSG00000149600.13
Q86VY4	ENSG00000180543.5
Q86W34	ENSG00000196704.15
Q86W92	ENSG00000110841.15
Q86WA8	ENSG00000102910.15
Q86WB0	ENSG00000091732.19
Q86WH2	ENSG00000153179.16
Q86WI1	ENSG00000205038.12
Q86WI3	ENSG00000140853.18
Q86WJ1	ENSG00000131778.21
Q86WK9	ENSG00000182749.7
Q86WQ0	ENSG00000184162.16
Q86WR7	ENSG00000148426.14
Q86WT1	ENSG00000197557.7
Q86WV6	ENSG00000184584.15
Q86WV6	ENSG00000288243.1
Q86X10	ENSG00000170471.16
Q86X55	ENSG00000142453.13
Q86X83	ENSG00000114744.10
Q86XA9	ENSG00000129493.16
Q86XI2	ENSG00000146918.21
Q86XK2	ENSG00000138081.23
Q86XL3	ENSG00000176915.15
Q86XN7	ENSG00000120685.21
Q86XP3	ENSG00000198231.15
Q86XR8	ENSG00000166037.12
Q86XS8	ENSG00000113269.15
Q86XZ4	ENSG00000123352.19
Q86Y07	ENSG00000028116.19
Q86Y13	ENSG00000198919.14
Q86Y39	ENSG00000174886.16
Q86Y39	ENSG00000292058.1
Q86Y56	ENSG00000164818.17
Q86Y91	ENSG00000186185.15
Q86YA3	ENSG00000138658.18
Q86YD1	ENSG00000104960.15
Q86YH6	ENSG00000164494.13
Q86YJ6	ENSG00000144115.19
Q86YM7	ENSG00000152413.16
Q86YP4	ENSG00000167491.19
Q86YQ8	ENSG00000139117.15
Q86YS7	ENSG00000111731.14
Q86YV0	ENSG00000105122.14
Q86YV5	ENSG00000275342.7
Q86YW9	ENSG00000144893.14
Q86Z02	ENSG00000163349.23
Q8IU68	ENSG00000167895.17
Q8IU81	ENSG00000170604.5
Q8IU85	ENSG00000183049.14
Q8IUD2	ENSG00000082805.22
Q8IUG5	ENSG00000133454.16
Q8IUH3	ENSG00000155636.17
Q8IUI8	ENSG00000176390.13
Q8IUR0	ENSG00000181029.10
Q8IUR7	ENSG00000114098.19
Q8IUX1	ENSG00000171204.13
Q8IUX7	ENSG00000106624.12
Q8IUZ5	ENSG00000175309.17
Q8IV38	ENSG00000106524.10
Q8IV53	ENSG00000205744.11
Q8IV63	ENSG00000105053.12
Q8IVD9	ENSG00000015676.19
Q8IVF2	ENSG00000185567.7
Q8IVF7	ENSG00000161791.15
Q8IVG5	ENSG00000177409.13
Q8IVH2	ENSG00000137166.19
Q8IVJ1	ENSG00000133065.12
Q8IVL5	ENSG00000090530.11
Q8IVL6	ENSG00000110811.21
Q8IVM0	ENSG00000152492.16
Q8IVS8	ENSG00000168237.19
Q8IW35	ENSG00000182504.12
Q8IW93	ENSG00000142632.18
Q8IW93	ENSG00000291381.1
Q8IWA0	ENSG00000115368.11
Q8IWA4	ENSG00000171109.20
Q8IWA5	ENSG00000129353.16
Q8IWB7	ENSG00000085449.16
Q8IWC1	ENSG00000129680.17
Q8IWD4	ENSG00000159873.11
Q8IWE2	ENSG00000197712.13
Q8IWE5	ENSG00000116786.16
Q8IWF6	ENSG00000174839.14
Q8IWI9	ENSG00000174197.20
Q8IWJ2	ENSG00000135968.23
Q8IWR0	ENSG00000122299.12
Q8IWR1	ENSG00000213186.9
Q8IWT3	ENSG00000112659.15
Q8IWU2	ENSG00000164715.7
Q8IWU5	ENSG00000196562.17
Q8IWV7	ENSG00000159459.13
Q8IWV8	ENSG00000024048.12
Q8IWX5	ENSG00000163082.11
Q8IWX8	ENSG00000085872.16
Q8IWY9	ENSG00000140326.14
Q8IWZ3	ENSG00000131503.22
Q8IWZ3	ENSG00000254996.5
Q8IWZ6	ENSG00000138686.11
Q8IWZ8	ENSG00000105705.17
Q8IX01	ENSG00000064607.18
Q8IX12	ENSG00000060339.15
Q8IX18	ENSG00000108406.11
Q8IX21	ENSG00000119906.14
Q8IX90	ENSG00000165480.17
Q8IXB1	ENSG00000077232.20
Q8IXH7	ENSG00000101158.16
Q8IXI1	ENSG00000140983.16
Q8IXI2	ENSG00000126858.20
Q8IXJ9	ENSG00000171456.23
Q8IXQ5	ENSG00000122550.19
Q8IXQ6	ENSG00000138496.18
Q8IXT5	ENSG00000183808.13
Q8IXW5	ENSG00000122484.10
Q8IY17	ENSG00000032444.17
Q8IY18	ENSG00000198887.10
Q8IY21	ENSG00000137628.19
Q8IY22	ENSG00000153815.18
Q8IY34	ENSG00000110446.13
Q8IY37	ENSG00000150990.10
Q8IY47	ENSG00000170852.13
Q8IY63	ENSG00000166025.19
Q8IY81	ENSG00000108592.18
Q8IYB3	ENSG00000133226.20
Q8IYB7	ENSG00000144535.21
Q8IYD8	ENSG00000187790.13
Q8IYI6	ENSG00000116903.7
Q8IYK4	ENSG00000198756.12
Q8IYM9	ENSG00000132274.18
Q8IYT2	ENSG00000180917.19
Q8IYU8	ENSG00000165487.15
Q8IYX8	ENSG00000183137.17
Q8IZ07	ENSG00000076513.18
Q8IZ52	ENSG00000123989.16
Q8IZ73	ENSG00000166133.19
Q8IZ83	ENSG00000161618.11
Q8IZE3	ENSG00000000457.15
Q8IZH2	ENSG00000114127.12
Q8IZL8	ENSG00000141456.17
Q8IZM8	ENSG00000175105.9
Q8IZP0	ENSG00000136754.19
Q8IZQ1	ENSG00000163625.17
Q8IZT6	ENSG00000066279.20
Q8IZV5	ENSG00000121039.11
Q8IZY2	ENSG00000064687.13
Q8N0S6	ENSG00000120334.17
Q8N0T1	ENSG00000176731.13
Q8N0W3	ENSG00000157353.18
Q8N0W4	ENSG00000146938.17
Q8N0X2	ENSG00000144451.20
Q8N0X4	ENSG00000125246.17
Q8N0X7	ENSG00000133104.15
Q8N0Z3	ENSG00000163611.12
Q8N0Z3	ENSG00000285943.1
Q8N108	ENSG00000198160.15
Q8N122	ENSG00000141564.16
Q8N128	ENSG00000151327.15
Q8N137	ENSG00000170037.15
Q8N138	ENSG00000172057.11
Q8N139	ENSG00000154262.14
Q8N157	ENSG00000135541.23
Q8N163	ENSG00000158941.18
Q8N196	ENSG00000177045.11
Q8N1B3	ENSG00000262919.9
Q8N1B4	ENSG00000206286.11
Q8N1B4	ENSG00000236014.10
Q8N1B4	ENSG00000228425.9
Q8N1B4	ENSG00000224455.9
Q8N1B4	ENSG00000223501.10
Q8N1B4	ENSG00000225590.9
Q8N1E6	ENSG00000171823.8
Q8N1F7	ENSG00000102900.14
Q8N1F8	ENSG00000144589.23
Q8N1G2	ENSG00000137200.14
Q8N1G4	ENSG00000130764.11
Q8N1W1	ENSG00000214944.11
Q8N1W2	ENSG00000140548.11
Q8N201	ENSG00000164880.17
Q8N283	ENSG00000198483.14
Q8N2K1	ENSG00000160087.22
Q8N2Z9	ENSG00000175279.22
Q8N2Z9	ENSG00000251503.8
Q8N302	ENSG00000164252.14
Q8N357	ENSG00000213699.10
Q8N3A8	ENSG00000151883.21
Q8N3C0	ENSG00000112249.15
Q8N3I7	ENSG00000163093.13
Q8N3J2	ENSG00000101574.16
Q8N3J3	ENSG00000125319.16
Q8N3J5	ENSG00000163644.16
Q8N3P4	ENSG00000156931.18
Q8N3S3	ENSG00000006576.18
Q8N3U4	ENSG00000101972.21
Q8N3Z3	ENSG00000163607.19
Q8N442	ENSG00000151806.15
Q8N4C6	ENSG00000100503.28
Q8N4C8	ENSG00000141503.18
Q8N4H5	ENSG00000175768.14
Q8N4J0	ENSG00000156017.14
Q8N4N3	ENSG00000135686.14
Q8N4Q0	ENSG00000180011.7
Q8N4S0	ENSG00000149231.17
Q8N4S7	ENSG00000162073.15
Q8N4T0	ENSG00000165078.14
Q8N4U5	ENSG00000166046.13
Q8N511	ENSG00000244045.14
Q8N531	ENSG00000182325.12
Q8N531	ENSG00000285442.2
Q8N543	ENSG00000087263.18
Q8N5C6	ENSG00000068784.14
Q8N5G2	ENSG00000204178.12
Q8N5H7	ENSG00000095370.21
Q8N5I4	ENSG00000169084.15
Q8N5I4	ENSG00000292338.1
Q8N5M4	ENSG00000162222.15
Q8N5M9	ENSG00000171135.16
Q8N5T2	ENSG00000109680.12
Q8N5U6	ENSG00000022840.17
Q8N5V2	ENSG00000066248.16
Q8N5Y2	ENSG00000005302.19
Q8N653	ENSG00000099949.23
Q8N680	ENSG00000181472.6
Q8N682	ENSG00000136048.15
Q8N684	ENSG00000149532.17
Q8N697	ENSG00000139370.13
Q8N6L1	ENSG00000163463.14
Q8N6S4	ENSG00000118454.14
Q8N6S5	ENSG00000177917.12
Q8N6T7	ENSG00000077463.16
Q8N6V9	ENSG00000151575.16
Q8N766	ENSG00000127463.17
Q8N884	ENSG00000164430.18
Q8N8A6	ENSG00000185163.11
Q8N8A6	ENSG00000288503.1
Q8N8D1	ENSG00000090470.15
Q8N8V2	ENSG00000213512.4
Q8N8Y2	ENSG00000147614.5
Q8N961	ENSG00000166016.7
Q8N983	ENSG00000055950.18
Q8N9M1	ENSG00000160392.15
Q8N9N2	ENSG00000138303.20
Q8N9T8	ENSG00000129347.22
Q8NA42	ENSG00000188283.13
Q8NA72	ENSG00000152359.16
Q8NAF0	ENSG00000218891.6
Q8NAP3	ENSG00000177311.13
Q8NB14	ENSG00000170185.13
Q8NB46	ENSG00000139645.11
Q8NB66	ENSG00000137766.18
Q8NB91	ENSG00000181544.17
Q8NBE8	ENSG00000213160.11
Q8NBF2	ENSG00000196865.5
Q8NBF6	ENSG00000105778.21
Q8NBI5	ENSG00000134802.19
Q8NBJ5	ENSG00000130309.13
Q8NBM8	ENSG00000145882.12
Q8NBP0	ENSG00000143643.14
Q8NBQ5	ENSG00000198189.12
Q8NBS9	ENSG00000239264.10
Q8NBU5	ENSG00000138138.15
Q8NBX0	ENSG00000143653.11
Q8NBZ0	ENSG00000169592.16
Q8NC44	ENSG00000144567.12
Q8NC51	ENSG00000142864.16
Q8NCD3	ENSG00000123485.12
Q8NCF5	ENSG00000176953.14
Q8NCH0	ENSG00000169105.8
Q8NCJ5	ENSG00000167778.10
Q8NCM8	ENSG00000187240.18
Q8NCT1	ENSG00000140450.10
Q8NCW0	ENSG00000131650.16
Q8NCW5	ENSG00000163382.14
Q8NCY6	ENSG00000170903.13
Q8ND04	ENSG00000167447.14
Q8ND30	ENSG00000166387.15
Q8ND61	ENSG00000131379.10
Q8ND83	ENSG00000139737.23
Q8ND90	ENSG00000176903.5
Q8NDA8	ENSG00000179832.19
Q8NDB2	ENSG00000153064.12
Q8NDC0	ENSG00000168175.17
Q8NDI1	ENSG00000115504.16
Q8NDX1	ENSG00000125637.17
Q8NDX5	ENSG00000173889.17
Q8NDZ2	ENSG00000170085.19
Q8NDZ6	ENSG00000164180.16
Q8NE00	ENSG00000109066.15
Q8NE01	ENSG00000168763.17
Q8NE35	ENSG00000107864.16
Q8NE71	ENSG00000204574.15
Q8NE71	ENSG00000206490.11
Q8NE71	ENSG00000236342.8
Q8NE71	ENSG00000232169.9
Q8NE71	ENSG00000225989.9
Q8NE71	ENSG00000231129.8
Q8NE71	ENSG00000236149.9
Q8NEA4	ENSG00000153832.13
Q8NEB9	ENSG00000078142.15
Q8NEG7	ENSG00000205593.13
Q8NEJ9	ENSG00000129460.18
Q8NEL9	ENSG00000100523.18
Q8NEM2	ENSG00000171241.10
Q8NEN9	ENSG00000165650.13
Q8NEU8	ENSG00000136044.13
Q8NEW0	ENSG00000162695.14
Q8NEY1	ENSG00000134369.18
Q8NEY4	ENSG00000143882.13
Q8NEY8	ENSG00000134283.19
Q8NEZ3	ENSG00000157796.19
Q8NEZ4	ENSG00000055609.21
Q8NF37	ENSG00000153395.12
Q8NF50	ENSG00000107099.18
Q8NF64	ENSG00000122515.17
Q8NF91	ENSG00000131018.25
Q8NFA0	ENSG00000170832.14
Q8NFB2	ENSG00000269556.9
Q8NFC6	ENSG00000038219.14
Q8NFD5	ENSG00000049618.26
Q8NFF5	ENSG00000160688.20
Q8NFH4	ENSG00000075188.10
Q8NFH5	ENSG00000163002.14
Q8NFJ5	ENSG00000013588.11
Q8NFJ9	ENSG00000174483.21
Q8NFJ9	ENSG00000256349.1
Q8NFQ8	ENSG00000169905.14
Q8NFZ0	ENSG00000134452.21
Q8NFZ5	ENSG00000168884.16
Q8NG27	ENSG00000181191.13
Q8NG31	ENSG00000137812.21
Q8NHH9	ENSG00000119787.15
Q8NHJ6	ENSG00000186818.14
Q8NHJ6	ENSG00000275730.4
Q8NHM5	ENSG00000089094.21
Q8NHQ9	ENSG00000111364.17
Q8NHU6	ENSG00000196116.9
Q8NHV4	ENSG00000139350.14
Q8NI08	ENSG00000111912.21
Q8NI27	ENSG00000125676.21
Q8NI36	ENSG00000134987.14
Q8NI77	ENSG00000121621.8
Q8TA94	ENSG00000188868.15
Q8TAE8	ENSG00000179271.4
Q8TAF3	ENSG00000114742.15
Q8TAG9	ENSG00000138190.17
Q8TAM1	ENSG00000179941.10
Q8TAP6	ENSG00000101624.12
Q8TAP8	ENSG00000160813.8
Q8TAP9	ENSG00000168303.9
Q8TAS1	ENSG00000152332.17
Q8TAT5	ENSG00000109674.5
Q8TAT6	ENSG00000182446.15
Q8TB24	ENSG00000100599.17
Q8TB36	ENSG00000104381.15
Q8TB61	ENSG00000157593.20
Q8TB72	ENSG00000055917.18
Q8TB96	ENSG00000129636.14
Q8TBB0	ENSG00000174796.13
Q8TBC3	ENSG00000160410.16
Q8TBE0	ENSG00000140320.13
Q8TBK2	ENSG00000103037.13
Q8TBX8	ENSG00000166908.19
Q8TC12	ENSG00000072042.14
Q8TCG1	ENSG00000163507.16
Q8TCG2	ENSG00000038210.15
Q8TCJ0	ENSG00000147364.18
Q8TCJ2	ENSG00000163527.12
Q8TCN5	ENSG00000168813.18
Q8TCT6	ENSG00000157837.17
Q8TCT7	ENSG00000005206.18
Q8TCT9	ENSG00000101294.21
Q8TCU4	ENSG00000116127.20
Q8TCU6	ENSG00000124126.15
Q8TCY9	ENSG00000106608.18
Q8TD16	ENSG00000185963.14
Q8TD19	ENSG00000119638.15
Q8TD26	ENSG00000124177.17
Q8TD31	ENSG00000204536.15
Q8TD31	ENSG00000206355.11
Q8TD31	ENSG00000206457.10
Q8TD31	ENSG00000234114.8
Q8TD47	ENSG00000280969.2
Q8TDB6	ENSG00000163840.10
Q8TDD1	ENSG00000123064.14
Q8TDJ6	ENSG00000104093.15
Q8TDN4	ENSG00000134508.14
Q8TDW0	ENSG00000171488.16
Q8TDW4	ENSG00000007341.20
Q8TDW7	ENSG00000165323.17
Q8TDX6	ENSG00000147408.17
Q8TDX7	ENSG00000151414.16
Q8TDY2	ENSG00000023287.14
Q8TDZ2	ENSG00000135596.19
Q8TE76	ENSG00000133131.16
Q8TE82	ENSG00000125089.19
Q8TEA7	ENSG00000145348.18
Q8TEA8	ENSG00000125821.14
Q8TEB9	ENSG00000144468.18
Q8TED0	ENSG00000164338.11
Q8TEH3	ENSG00000119522.19
Q8TEK3	ENSG00000104885.20
Q8TEL6	ENSG00000100991.13
Q8TEM1	ENSG00000132182.14
Q8TEP8	ENSG00000101639.20
Q8TEQ0	ENSG00000048471.15
Q8TEQ6	ENSG00000082516.9
Q8TEQ8	ENSG00000165282.17
Q8TES7	ENSG00000188878.21
Q8TET4	ENSG00000214013.10
Q8TEU7	ENSG00000158987.23
Q8TEV9	ENSG00000176994.12
Q8TEV9	ENSG00000283741.2
Q8TEW0	ENSG00000148498.18
Q8TEX9	ENSG00000196497.18
Q8TEX9	ENSG00000285248.2
Q8TEY7	ENSG00000077254.15
Q8TEZ7	ENSG00000170915.10
Q8TF05	ENSG00000154845.17
Q8TF40	ENSG00000217128.14
Q8TF46	ENSG00000166938.14
Q8TF62	ENSG00000104043.16
Q8TF72	ENSG00000138771.17
Q8TF74	ENSG00000171475.15
Q8WTP8	ENSG00000181026.16
Q8WTT2	ENSG00000173145.12
Q8WTW3	ENSG00000166685.14
Q8WTW4	ENSG00000114388.15
Q8WU10	ENSG00000121350.17
Q8WU17	ENSG00000170881.6
Q8WU17	ENSG00000291729.1
Q8WU39	ENSG00000170476.16
Q8WU67	ENSG00000158201.11
Q8WU76	ENSG00000184178.18
Q8WU79	ENSG00000084070.13
Q8WUA2	ENSG00000131013.5
Q8WUA4	ENSG00000115207.16
Q8WUA7	ENSG00000054611.15
Q8WUB8	ENSG00000130024.16
Q8WUD6	ENSG00000111666.12
Q8WUF5	ENSG00000104881.17
Q8WUF8	ENSG00000113391.20
Q8WUH2	ENSG00000135966.15
Q8WUI4	ENSG00000061273.19
Q8WUJ3	ENSG00000103888.18
Q8WUM0	ENSG00000069248.13
Q8WUM4	ENSG00000170248.16
Q8WUM9	ENSG00000144136.12
Q8WUU4	ENSG00000170684.10
Q8WUX1	ENSG00000017483.17
Q8WUX9	ENSG00000147457.15
Q8WUY3	ENSG00000106772.20
Q8WUY9	ENSG00000035499.14
Q8WV16	ENSG00000119599.19
Q8WV28	ENSG00000095585.19
Q8WV44	ENSG00000146063.21
Q8WV92	ENSG00000158411.11
Q8WVB3	ENSG00000169660.18
Q8WVB6	ENSG00000127586.18
Q8WVC6	ENSG00000172992.14
Q8WVK7	ENSG00000182628.14
Q8WVM0	ENSG00000029639.12
Q8WVM7	ENSG00000118007.14
Q8WVM8	ENSG00000092108.23
Q8WVP7	ENSG00000105983.24
Q8WVT3	ENSG00000171853.17
Q8WVV5	ENSG00000124508.18
Q8WVX9	ENSG00000197601.16
Q8WVY7	ENSG00000164332.9
Q8WVZ9	ENSG00000120696.9
Q8WW24	ENSG00000163060.9
Q8WW59	ENSG00000176422.14
Q8WWH5	ENSG00000165832.7
Q8WWI1	ENSG00000136153.22
Q8WWI5	ENSG00000070214.18
Q8WWM7	ENSG00000168488.20
Q8WWQ0	ENSG00000146247.16
Q8WWW0	ENSG00000266094.9
Q8WWY3	ENSG00000105618.15
Q8WWY3	ENSG00000277154.4
Q8WWY3	ENSG00000276421.4
Q8WWY3	ENSG00000275885.4
Q8WWY3	ENSG00000274651.4
Q8WWY3	ENSG00000274144.4
Q8WWY3	ENSG00000274894.4
Q8WWY3	ENSG00000277953.4
Q8WWY3	ENSG00000275117.4
Q8WWY3	ENSG00000277707.4
Q8WWZ7	ENSG00000154265.17
Q8WX92	ENSG00000188986.9
Q8WX93	ENSG00000129116.21
Q8WXE1	ENSG00000164053.23
Q8WXG6	ENSG00000110514.21
Q8WXH0	ENSG00000054654.20
Q8WXI7	ENSG00000181143.17
Q8WXI9	ENSG00000143614.12
Q8WXI9	ENSG00000261992.2
Q8WXW3	ENSG00000083535.17
Q8WXX5	ENSG00000213551.8
Q8WXX7	ENSG00000158321.19
Q8WY22	ENSG00000184992.13
Q8WY64	ENSG00000007944.16
Q8WY91	ENSG00000176946.14
Q8WYA0	ENSG00000122970.17
Q8WYA1	ENSG00000029153.16
Q8WYA6	ENSG00000132792.22
Q8WYB5	ENSG00000156650.15
Q8WYB5	ENSG00000281813.4
Q8WYJ6	ENSG00000180096.13
Q8WYN3	ENSG00000178662.17
Q8WYP5	ENSG00000153207.17
Q8WYR1	ENSG00000141506.16
Q8WZ19	ENSG00000174943.12
Q8WZ60	ENSG00000172578.12
Q8WZ64	ENSG00000047365.14
Q8WZA9	ENSG00000167378.11
Q92466	ENSG00000134574.13
Q92499	ENSG00000079785.17
Q92502	ENSG00000130052.14
Q92503	ENSG00000129657.17
Q92504	ENSG00000112473.20
Q92504	ENSG00000206288.13
Q92504	ENSG00000229802.11
Q92504	ENSG00000226614.11
Q92504	ENSG00000224399.11
Q92504	ENSG00000227402.11
Q92508	ENSG00000103335.23
Q92526	ENSG00000132141.15
Q92530	ENSG00000125818.19
Q92538	ENSG00000107862.8
Q92540	ENSG00000116698.23
Q92541	ENSG00000137815.16
Q92542	ENSG00000162736.19
Q92544	ENSG00000101337.17
Q92545	ENSG00000075568.18
Q92545	ENSG00000291574.1
Q92547	ENSG00000163781.15
Q92551	ENSG00000176095.13
Q92552	ENSG00000113048.20
Q92556	ENSG00000155849.17
Q92558	ENSG00000112290.14
Q92560	ENSG00000163930.10
Q92562	ENSG00000112367.13
Q92572	ENSG00000177879.18
Q92574	ENSG00000165699.17
Q92575	ENSG00000144224.18
Q92576	ENSG00000118482.13
Q92585	ENSG00000161021.14
Q92585	ENSG00000283780.3
Q92598	ENSG00000120694.21
Q92599	ENSG00000164402.15
Q92600	ENSG00000144580.16
Q92604	ENSG00000123684.14
Q92608	ENSG00000134516.21
Q92609	ENSG00000131374.16
Q92611	ENSG00000134109.11
Q92613	ENSG00000102221.14
Q92614	ENSG00000196535.21
Q92615	ENSG00000107929.17
Q92616	ENSG00000089154.12
Q92619	ENSG00000180448.12
Q92620	ENSG00000140829.13
Q92621	ENSG00000155561.16
Q92624	ENSG00000062725.11
Q92626	ENSG00000130508.12
Q92643	ENSG00000142892.16
Q92667	ENSG00000121057.14
Q92673	ENSG00000137642.14
Q92674	ENSG00000102384.15
Q92685	ENSG00000214160.11
Q92688	ENSG00000136938.10
Q92696	ENSG00000100949.16
Q92696	ENSG00000285193.1
Q92698	ENSG00000085999.14
Q92729	ENSG00000060656.21
Q92753	ENSG00000198963.11
Q92759	ENSG00000213780.12
Q92759	ENSG00000221974.11
Q92759	ENSG00000236895.10
Q92759	ENSG00000234370.10
Q92759	ENSG00000233149.10
Q92759	ENSG00000226384.10
Q92766	ENSG00000124782.22
Q92769	ENSG00000196591.13
Q92783	ENSG00000136738.16
Q92791	ENSG00000141696.14
Q92793	ENSG00000005339.15
Q92794	ENSG00000083168.12
Q92797	ENSG00000125755.21
Q92802	ENSG00000244754.10
Q92805	ENSG00000136935.15
Q92813	ENSG00000211448.14
Q92830	ENSG00000108773.12
Q92835	ENSG00000168918.14
Q92835	ENSG00000281614.3
Q92841	ENSG00000100201.23
Q92845	ENSG00000075945.13
Q92851	ENSG00000003400.17
Q92878	ENSG00000113522.15
Q92879	ENSG00000149187.20
Q92888	ENSG00000076928.21
Q92889	ENSG00000175595.16
Q92896	ENSG00000090863.13
Q92900	ENSG00000005007.15
Q92902	ENSG00000107521.22
Q92905	ENSG00000121022.15
Q92917	ENSG00000068394.12
Q92917	ENSG00000292204.1
Q92918	ENSG00000104814.14
Q92922	ENSG00000173473.12
Q92925	ENSG00000108604.19
Q92932	ENSG00000155093.20
Q92945	ENSG00000088247.19
Q92947	ENSG00000105607.15
Q92963	ENSG00000143622.13
Q92966	ENSG00000164975.17
Q92973	ENSG00000083312.20
Q92974	ENSG00000116584.23
Q92985	ENSG00000185507.22
Q92985	ENSG00000276561.4
Q92989	ENSG00000172409.8
Q92993	ENSG00000172977.14
Q92994	ENSG00000185024.19
Q92995	ENSG00000058056.11
Q92997	ENSG00000161202.21
Q93008	ENSG00000124486.16
Q93009	ENSG00000187555.18
Q93050	ENSG00000033627.19
Q93052	ENSG00000145012.16
Q93063	ENSG00000151348.17
Q93073	ENSG00000138593.10
Q93074	ENSG00000184634.18
Q93075	ENSG00000157014.11
Q93084	ENSG00000074370.20
Q93100	ENSG00000102893.19
Q969E2	ENSG00000227500.12
Q969F9	ENSG00000163755.10
Q969G3	ENSG00000073584.21
Q969G5	ENSG00000170955.11
Q969H6	ENSG00000167272.12
Q969H8	ENSG00000074842.9
Q969K3	ENSG00000170633.18
Q969K4	ENSG00000114626.19
Q969M1	ENSG00000158882.16
Q969N2	ENSG00000124155.20
Q969P6	ENSG00000184428.14
Q969S3	ENSG00000173545.6
Q969S8	ENSG00000100429.19
Q969S9	ENSG00000164347.19
Q969T9	ENSG00000132471.12
Q969U6	ENSG00000159069.15
Q969V3	ENSG00000125912.12
Q969V5	ENSG00000090432.8
Q969V6	ENSG00000196588.21
Q969X0	ENSG00000150977.13
Q969X1	ENSG00000135926.16
Q969X5	ENSG00000113719.18
Q969X6	ENSG00000141076.19
Q969X6	ENSG00000262788.3
Q969Z0	ENSG00000136270.15
Q96A05	ENSG00000250565.8
Q96A26	ENSG00000114023.16
Q96A33	ENSG00000108588.16
Q96A54	ENSG00000159346.14
Q96A65	ENSG00000131558.17
Q96AA3	ENSG00000163933.12
Q96AB3	ENSG00000063241.9
Q96AC1	ENSG00000073712.16
Q96AD5	ENSG00000177666.18
Q96AE7	ENSG00000052841.17
Q96AG3	ENSG00000164209.18
Q96AP0	ENSG00000102977.19
Q96AQ1	ENSG00000163040.16
Q96AV8	ENSG00000165891.17
Q96AX1	ENSG00000139719.13
Q96AY3	ENSG00000141756.21
Q96AY4	ENSG00000100154.15
Q96B01	ENSG00000111247.16
Q96B26	ENSG00000120699.15
Q96B97	ENSG00000147010.20
Q96BA8	ENSG00000157613.12
Q96BI3	ENSG00000117362.14
Q96BN2	ENSG00000152382.7
Q96BU1	ENSG00000116497.19
Q96BX8	ENSG00000172081.15
Q96BY2	ENSG00000165943.6
Q96BY2	ENSG00000278268.2
Q96BY6	ENSG00000135905.21
Q96BY7	ENSG00000066739.13
Q96BY9	ENSG00000133872.15
Q96BZ4	ENSG00000166428.15
Q96BZ9	ENSG00000125875.16
Q96C03	ENSG00000177427.14
Q96C03	ENSG00000284495.2
Q96C10	ENSG00000108771.14
Q96C45	ENSG00000168038.12
Q96CD2	ENSG00000138621.13
Q96CG3	ENSG00000145365.13
Q96CN7	ENSG00000066583.13
Q96CN9	ENSG00000179562.3
Q96CP6	ENSG00000089351.16
Q96CQ1	ENSG00000114120.15
Q96CS2	ENSG00000152240.14
Q96CS3	ENSG00000113194.14
Q96CS7	ENSG00000115762.18
Q96CT2	ENSG00000119771.16
Q96CU9	ENSG00000110074.13
Q96CW1	ENSG00000161203.15
Q96CW5	ENSG00000126216.16
Q96D46	ENSG00000169251.14
Q96D70	ENSG00000198858.11
Q96DB5	ENSG00000176623.13
Q96DB9	ENSG00000089327.17
Q96DC7	ENSG00000113119.14
Q96DE0	ENSG00000198585.12
Q96DF8	ENSG00000100056.13
Q96DI7	ENSG00000060688.14
Q96DM3	ENSG00000141452.12
Q96DN6	ENSG00000166987.16
Q96DT7	ENSG00000205189.14
Q96DU7	ENSG00000086544.4
Q96DY7	ENSG00000172167.9
Q96DZ1	ENSG00000068912.16
Q96DZ7	ENSG00000145107.16
Q96DZ7	ENSG00000273331.1
Q96E22	ENSG00000153989.9
Q96E52	ENSG00000162600.13
Q96EA4	ENSG00000040275.18
Q96EF0	ENSG00000102043.16
Q96EH3	ENSG00000156928.6
Q96EK5	ENSG00000198954.10
Q96EK6	ENSG00000100522.11
Q96EK7	ENSG00000112584.15
Q96EK7	ENSG00000275333.4
Q96EK9	ENSG00000198841.4
Q96EN8	ENSG00000075643.7
Q96EP0	ENSG00000092098.19
Q96EP0	ENSG00000259529.2
Q96EP0	ENSG00000285152.2
Q96EP0	ENSG00000284845.2
Q96ER3	ENSG00000166788.11
Q96ER9	ENSG00000164051.15
Q96ES6	ENSG00000167700.10
Q96EU7	ENSG00000171155.9
Q96EU7	ENSG00000288368.1
Q96EV2	ENSG00000184863.11
Q96EX2	ENSG00000135119.15
Q96EY1	ENSG00000103423.15
Q96EY1	ENSG00000276726.4
Q96EY5	ENSG00000141971.15
Q96EY7	ENSG00000132300.20
Q96EY8	ENSG00000139428.13
Q96EZ8	ENSG00000187778.15
Q96F05	ENSG00000171067.12
Q96F07	ENSG00000055163.22
Q96F44	ENSG00000154370.17
Q96F81	ENSG00000154309.10
Q96F86	ENSG00000179151.14
Q96FA3	ENSG00000197329.13
Q96FB5	ENSG00000143303.13
Q96FJ0	ENSG00000138134.13
Q96FS4	ENSG00000213445.12
Q96FZ2	ENSG00000183624.15
Q96G01	ENSG00000151746.16
Q96G03	ENSG00000169299.15
Q96G04	ENSG00000118894.16
Q96G21	ENSG00000136718.11
Q96G23	ENSG00000143418.21
Q96G25	ENSG00000159479.18
Q96G74	ENSG00000068308.16
Q96G74	ENSG00000292211.1
Q96G75	ENSG00000145916.20
Q96G91	ENSG00000244165.2
Q96G97	ENSG00000168000.17
Q96GA7	ENSG00000139410.16
Q96GC6	ENSG00000171606.19
Q96GC9	ENSG00000062716.14
Q96GD4	ENSG00000178999.14
Q96GE4	ENSG00000258890.9
Q96GE9	ENSG00000137038.9
Q96GK7	ENSG00000115042.11
Q96GK7	ENSG00000292086.1
Q96GQ5	ENSG00000140688.19
Q96GQ7	ENSG00000124228.16
Q96GW9	ENSG00000247626.5
Q96GX5	ENSG00000120539.16
Q96GX9	ENSG00000149089.14
Q96GZ6	ENSG00000114544.18
Q96H22	ENSG00000166451.15
Q96H22	ENSG00000291964.1
Q96H35	ENSG00000119446.15
Q96H55	ENSG00000278259.6
Q96H55	ENSG00000278372.4
Q96H78	ENSG00000160785.15
Q96H79	ENSG00000146858.8
Q96HA1	ENSG00000196313.14
Q96HA7	ENSG00000160949.19
Q96HA8	ENSG00000156795.9
Q96HE9	ENSG00000068489.13
Q96HM7	ENSG00000179715.14
Q96HN2	ENSG00000158467.18
Q96HP0	ENSG00000130158.14
Q96HQ2	ENSG00000237190.4
Q96HR3	ENSG00000164758.8
Q96HR8	ENSG00000145414.10
Q96HT8	ENSG00000178988.12
Q96HU1	ENSG00000100359.22
Q96HV5	ENSG00000163900.12
Q96HW7	ENSG00000149262.20
Q96HY6	ENSG00000198171.14
Q96I15	ENSG00000132330.19
Q96I24	ENSG00000107164.18
Q96I51	ENSG00000274523.6
Q96IC2	ENSG00000005189.21
Q96II8	ENSG00000186001.15
Q96IJ6	ENSG00000144591.21
Q96IK0	ENSG00000091947.11
Q96IR7	ENSG00000186603.7
Q96IT1	ENSG00000162714.14
Q96IT1	ENSG00000291884.1
Q96IZ0	ENSG00000177425.12
Q96J01	ENSG00000051596.11
Q96J42	ENSG00000113621.16
Q96JA3	ENSG00000106086.22
Q96JB2	ENSG00000136152.16
Q96JB5	ENSG00000108465.16
Q96JC1	ENSG00000166887.17
Q96JG6	ENSG00000004766.18
Q96JH7	ENSG00000175073.8
Q96JH8	ENSG00000157927.18
Q96JI7	ENSG00000104133.17
Q96JJ3	ENSG00000062598.19
Q96JJ7	ENSG00000166479.11
Q96JK2	ENSG00000139990.19
Q96JM2	ENSG00000148143.14
Q96JM3	ENSG00000198824.9
Q96JM7	ENSG00000198945.9
Q96JY6	ENSG00000120913.25
Q96K12	ENSG00000064763.13
Q96K17	ENSG00000134717.19
Q96K37	ENSG00000127526.16
Q96K58	ENSG00000167394.14
Q96K76	ENSG00000170242.20
Q96K80	ENSG00000135482.8
Q96K83	ENSG00000198795.12
Q96KA5	ENSG00000049656.15
Q96KA5	ENSG00000274811.3
Q96KC8	ENSG00000136770.12
Q96KP1	ENSG00000112685.15
Q96KQ7	ENSG00000204371.13
Q96KQ7	ENSG00000206376.9
Q96KQ7	ENSG00000238134.8
Q96KQ7	ENSG00000236759.7
Q96KQ7	ENSG00000232045.7
Q96KQ7	ENSG00000227333.8
Q96KR1	ENSG00000056097.17
Q96KV7	ENSG00000161996.20
Q96L34	ENSG00000007047.17
Q96L50	ENSG00000165501.18
Q96L73	ENSG00000165671.23
Q96L91	ENSG00000183495.16
Q96L92	ENSG00000143376.15
Q96L93	ENSG00000089177.21
Q96LB3	ENSG00000096872.18
Q96LI5	ENSG00000138767.15
Q96LT4	ENSG00000156671.16
Q96LT9	ENSG00000185946.17
Q96M27	ENSG00000164244.22
Q96M60	ENSG00000166262.17
Q96M94	ENSG00000174010.11
Q96MD2	ENSG00000174206.14
Q96ME1	ENSG00000155034.22
Q96ME7	ENSG00000243943.11
Q96MG7	ENSG00000185115.6
Q96MG7	ENSG00000282130.1
Q96MH7	ENSG00000172244.10
Q96MN5	ENSG00000116205.15
Q96MT1	ENSG00000145860.13
Q96MT8	ENSG00000182923.21
Q96MU7	ENSG00000083896.14
Q96MU7	ENSG00000275272.4
Q96MW5	ENSG00000213380.16
Q96MX3	ENSG00000180035.14
Q96N11	ENSG00000146576.14
Q96N21	ENSG00000167302.12
Q96N23	ENSG00000188596.11
Q96N46	ENSG00000163728.12
Q96N67	ENSG00000116641.19
Q96NA2	ENSG00000167705.13
Q96NA2	ENSG00000274145.2
Q96NC0	ENSG00000146007.12
Q96NE9	ENSG00000139926.17
Q96NH3	ENSG00000146350.15
Q96NL6	ENSG00000151466.13
Q96NM4	ENSG00000124191.19
Q96NW4	ENSG00000105186.17
Q96P16	ENSG00000141425.19
Q96P47	ENSG00000133612.21
Q96P48	ENSG00000186635.17
Q96P53	ENSG00000139668.10
Q96P70	ENSG00000198700.11
Q96PE1	ENSG00000020181.19
Q96PE3	ENSG00000040933.18
Q96PK6	ENSG00000239306.6
Q96PK6	ENSG00000248643.5
Q96PP9	ENSG00000162654.10
Q96PQ6	ENSG00000130803.16
Q96PQ7	ENSG00000109790.19
Q96PU8	ENSG00000112531.18
Q96PV0	ENSG00000227460.8
Q96PV0	ENSG00000197283.18
Q96PV6	ENSG00000167615.19
Q96PV6	ENSG00000274305.4
Q96PV6	ENSG00000276681.4
Q96PV6	ENSG00000276458.4
Q96PZ0	ENSG00000091127.15
Q96PZ2	ENSG00000166801.18
Q96PZ7	ENSG00000183117.20
Q96Q05	ENSG00000167632.19
Q96Q07	ENSG00000183826.20
Q96Q15	ENSG00000157106.19
Q96Q27	ENSG00000100628.13
Q96Q27	ENSG00000278693.3
Q96Q40	ENSG00000138395.17
Q96Q42	ENSG00000003393.17
Q96Q89	ENSG00000138182.16
Q96QB1	ENSG00000164741.16
Q96QD8	ENSG00000134294.15
Q96QD9	ENSG00000122068.14
Q96QE3	ENSG00000176208.10
Q96QK1	ENSG00000069329.20
Q96QT4	ENSG00000092439.16
Q96QU8	ENSG00000169180.13
Q96R06	ENSG00000076382.18
Q96RD7	ENSG00000110218.10
Q96RD9	ENSG00000143297.20
Q96RG2	ENSG00000115687.15
Q96RK0	ENSG00000079432.10
Q96RK4	ENSG00000140463.16
Q96RL7	ENSG00000197969.14
Q96RN5	ENSG00000099917.18
Q96RP9	ENSG00000168827.16
Q96RS0	ENSG00000137574.12
Q96RS6	ENSG00000120526.13
Q96RT1	ENSG00000112851.17
Q96RT7	ENSG00000128159.13
Q96RT8	ENSG00000275835.6
Q96RU2	ENSG00000048028.13
Q96RU3	ENSG00000187239.20
Q96RU7	ENSG00000101255.14
Q96RV3	ENSG00000100731.16
Q96RY5	ENSG00000007545.17
Q96RY7	ENSG00000187535.15
Q96S15	ENSG00000127580.18
Q96S21	ENSG00000197562.11
Q96S52	ENSG00000087111.23
Q96S55	ENSG00000124535.17
Q96S66	ENSG00000121940.18
Q96S82	ENSG00000138629.17
Q96S82	ENSG00000288408.1
Q96S94	ENSG00000221978.14
Q96S97	ENSG00000179820.18
Q96SA4	ENSG00000168528.13
Q96SB4	ENSG00000096063.17
Q96SB8	ENSG00000163029.17
Q96SI9	ENSG00000165209.20
Q96SK2	ENSG00000146842.18
Q96SM3	ENSG00000088882.9
Q96SN7	ENSG00000160991.18
Q96SN8	ENSG00000136861.20
Q96ST2	ENSG00000163166.16
Q96ST3	ENSG00000169375.18
Q96SU4	ENSG00000117859.20
Q96SZ6	ENSG00000101391.22
Q96T21	ENSG00000187742.16
Q96T23	ENSG00000048649.14
Q96T49	ENSG00000101445.11
Q96T58	ENSG00000065526.13
Q96T76	ENSG00000155229.22
Q96T83	ENSG00000065923.11
Q96T88	ENSG00000276043.6
Q96TA1	ENSG00000136830.13
Q96TA2	ENSG00000136758.22
Q96TC7	ENSG00000137824.17
Q99081	ENSG00000140262.19
Q99417	ENSG00000214114.10
Q99426	ENSG00000105254.13
Q99436	ENSG00000136930.14
Q99437	ENSG00000117410.15
Q99439	ENSG00000064666.16
Q99459	ENSG00000096401.9
Q99460	ENSG00000173692.15
Q99467	ENSG00000134061.5
Q99471	ENSG00000123349.16
Q99471	ENSG00000291834.1
Q99497	ENSG00000116288.14
Q99504	ENSG00000158161.17
Q99538	ENSG00000100600.16
Q99541	ENSG00000147872.11
Q99550	ENSG00000051825.16
Q99558	ENSG00000006062.19
Q99567	ENSG00000108559.14
Q99569	ENSG00000144283.24
Q99570	ENSG00000196455.9
Q99583	ENSG00000070444.16
Q99590	ENSG00000139218.19
Q99598	ENSG00000116918.16
Q99607	ENSG00000102034.19
Q99613	ENSG00000184110.16
Q99615	ENSG00000168259.18
Q99622	ENSG00000111678.12
Q99623	ENSG00000215021.11
Q99640	ENSG00000127564.18
Q99661	ENSG00000142945.14
Q99683	ENSG00000197442.12
Q99685	ENSG00000074416.17
Q99698	ENSG00000143669.16
Q99707	ENSG00000116984.16
Q99715	ENSG00000111799.23
Q99720	ENSG00000147955.19
Q99729	ENSG00000197451.13
Q99733	ENSG00000205531.15
Q99733	ENSG00000273562.4
Q99741	ENSG00000094804.13
Q99755	ENSG00000143398.21
Q99767	ENSG00000034053.16
Q99767	ENSG00000276495.4
Q99798	ENSG00000100412.18
Q99805	ENSG00000125304.11
Q99808	ENSG00000112759.20
Q99814	ENSG00000116016.15
Q99816	ENSG00000074319.14
Q99828	ENSG00000185043.14
Q99832	ENSG00000135624.18
Q99836	ENSG00000172936.19
Q99873	ENSG00000126457.23
Q99941	ENSG00000168468.12
Q99941	ENSG00000213676.14
Q99941	ENSG00000228628.8
Q99941	ENSG00000234539.9
Q99943	ENSG00000204310.14
Q99943	ENSG00000206324.11
Q99943	ENSG00000227642.9
Q99943	ENSG00000228892.9
Q99943	ENSG00000236873.9
Q99943	ENSG00000226467.9
Q99943	ENSG00000235758.9
Q99961	ENSG00000141985.10
Q99967	ENSG00000164442.12
Q99973	ENSG00000129566.14
Q99973	ENSG00000291791.1
Q99986	ENSG00000100749.10
Q99996	ENSG00000127914.20
Q9BPX3	ENSG00000109805.11
Q9BPX5	ENSG00000136950.14
Q9BQ04	ENSG00000173914.13
Q9BQ13	ENSG00000151364.17
Q9BQ65	ENSG00000103005.14
Q9BQ67	ENSG00000105447.14
Q9BQ70	ENSG00000141002.21
Q9BQ75	ENSG00000184220.12
Q9BQ83	ENSG00000132207.20
Q9BQ83	ENSG00000181625.19
Q9BQA1	ENSG00000116455.14
Q9BQA9	ENSG00000178927.20
Q9BQB6	ENSG00000167397.16
Q9BQC3	ENSG00000132768.15
Q9BQE3	ENSG00000167553.18
Q9BQF6	ENSG00000138468.17
Q9BQG0	ENSG00000132382.16
Q9BQI3	ENSG00000086232.14
Q9BQS8	ENSG00000163820.17
Q9BR61	ENSG00000230124.9
Q9BRB3	ENSG00000007541.18
Q9BRJ7	ENSG00000168101.16
Q9BRK4	ENSG00000107816.18
Q9BRP1	ENSG00000126249.8
Q9BRQ5	ENSG00000175938.7
Q9BRQ8	ENSG00000042286.16
Q9BRR6	ENSG00000159322.19
Q9BRS2	ENSG00000124784.10
Q9BRT9	ENSG00000147536.12
Q9BRV3	ENSG00000169241.20
Q9BRX5	ENSG00000181938.15
Q9BRY0	ENSG00000141873.12
Q9BRZ2	ENSG00000169871.14
Q9BS16	ENSG00000123219.14
Q9BS26	ENSG00000023318.10
Q9BS91	ENSG00000138459.10
Q9BSA9	ENSG00000127419.18
Q9BSC4	ENSG00000115761.18
Q9BSD7	ENSG00000135778.13
Q9BSF4	ENSG00000142444.7
Q9BSH3	ENSG00000145029.16
Q9BSH3	ENSG00000283189.2
Q9BSJ2	ENSG00000130640.16
Q9BSJ5	ENSG00000141219.17
Q9BSJ8	ENSG00000139641.14
Q9BSK4	ENSG00000141965.5
Q9BSL1	ENSG00000130560.10
Q9BSU1	ENSG00000125149.12
Q9BT17	ENSG00000148824.20
Q9BT25	ENSG00000131351.16
Q9BT78	ENSG00000138663.10
Q9BT92	ENSG00000139437.19
Q9BTC0	ENSG00000101191.18
Q9BTC8	ENSG00000057935.15
Q9BTD8	ENSG00000126254.13
Q9BTE0	ENSG00000109065.13
Q9BTE1	ENSG00000166847.11
Q9BTE3	ENSG00000197771.14
Q9BTL3	ENSG00000169612.5
Q9BTL4	ENSG00000160888.9
Q9BTT0	ENSG00000143401.16
Q9BTT6	ENSG00000137269.16
Q9BTV5	ENSG00000105255.12
Q9BTW9	ENSG00000141556.23
Q9BTX7	ENSG00000124120.12
Q9BTY2	ENSG00000001036.15
Q9BTY7	ENSG00000235173.7
Q9BU23	ENSG00000100258.19
Q9BU64	ENSG00000138092.12
Q9BU89	ENSG00000129932.11
Q9BUB4	ENSG00000065457.12
Q9BUB7	ENSG00000175606.11
Q9BUE0	ENSG00000130772.14
Q9BUE0	ENSG00000284944.2
Q9BUH6	ENSG00000310560.2
Q9BUI4	ENSG00000186141.11
Q9BUJ2	ENSG00000105323.19
Q9BUL5	ENSG00000040633.13
Q9BUV8	ENSG00000101084.20
Q9BUX1	ENSG00000128965.13
Q9BV44	ENSG00000134077.17
Q9BV73	ENSG00000126001.18
Q9BV86	ENSG00000148335.16
Q9BV87	ENSG00000115649.17
Q9BV94	ENSG00000088298.14
Q9BVA0	ENSG00000140854.14
Q9BVC3	ENSG00000136982.7
Q9BVG8	ENSG00000140859.17
Q9BVJ6	ENSG00000156697.14
Q9BVK2	ENSG00000159063.15
Q9BVK6	ENSG00000184840.13
Q9BVK8	ENSG00000105677.13
Q9BVL4	ENSG00000073169.15
Q9BVN2	ENSG00000160753.18
Q9BVP2	ENSG00000163938.18
Q9BVQ7	ENSG00000171763.21
Q9BVV6	ENSG00000100578.18
Q9BVW5	ENSG00000075131.11
Q9BW19	ENSG00000204197.9
Q9BW19	ENSG00000237649.9
Q9BW19	ENSG00000233450.7
Q9BW27	ENSG00000125450.12
Q9BW60	ENSG00000066322.16
Q9BW66	ENSG00000100865.15
Q9BW83	ENSG00000100360.16
Q9BW92	ENSG00000143374.19
Q9BWD1	ENSG00000120437.10
Q9BWE0	ENSG00000214022.13
Q9BWF2	ENSG00000183763.10
Q9BWF3	ENSG00000173933.22
Q9BWG4	ENSG00000130511.17
Q9BWH6	ENSG00000103932.13
Q9BWL3	ENSG00000143612.22
Q9BWT1	ENSG00000144354.16
Q9BWU0	ENSG00000163798.15
Q9BWW8	ENSG00000221963.7
Q9BX10	ENSG00000172432.20
Q9BX40	ENSG00000149657.21
Q9BX63	ENSG00000136492.11
Q9BX68	ENSG00000137133.12
Q9BX70	ENSG00000133243.11
Q9BXC9	ENSG00000125124.15
Q9BXI6	ENSG00000099992.17
Q9BXJ9	ENSG00000164134.15
Q9BXK5	ENSG00000099968.20
Q9BXP5	ENSG00000087087.21
Q9BXR0	ENSG00000213339.10
Q9BXR5	ENSG00000174123.12
Q9BXS5	ENSG00000072958.10
Q9BXS6	ENSG00000137804.15
Q9BXS6	ENSG00000285920.2
Q9BXS9	ENSG00000225697.14
Q9BXW9	ENSG00000144554.14
Q9BXX0	ENSG00000132205.12
Q9BXY0	ENSG00000198042.12
Q9BY08	ENSG00000123179.15
Q9BY12	ENSG00000140386.14
Q9BY43	ENSG00000254505.12
Q9BY43	ENSG00000285302.5
Q9BY50	ENSG00000166562.11
Q9BY66	ENSG00000012817.17
Q9BY78	ENSG00000173456.5
Q9BY84	ENSG00000111266.10
Q9BY84	ENSG00000280962.3
Q9BYC9	ENSG00000242485.7
Q9BYD2	ENSG00000143436.11
Q9BYD3	ENSG00000105364.15
Q9BYD6	ENSG00000169288.19
Q9BYG3	ENSG00000155438.13
Q9BYG5	ENSG00000124171.10
Q9BYI3	ENSG00000122591.14
Q9BYJ4	ENSG00000258659.8
Q9BYJ9	ENSG00000149658.19
Q9BYK8	ENSG00000130589.16
Q9BYL1	ENSG00000130590.14
Q9BYM8	ENSG00000125826.23
Q9BYN0	ENSG00000271303.3
Q9BYN8	ENSG00000125901.7
Q9BYT1	ENSG00000101194.19
Q9BYT8	ENSG00000123213.24
Q9BYV8	ENSG00000106477.21
Q9BYW2	ENSG00000181555.23
Q9BYX4	ENSG00000115267.10
Q9BZ23	ENSG00000125779.24
Q9BZ29	ENSG00000088387.23
Q9BZ67	ENSG00000126391.15
Q9BZD4	ENSG00000143228.14
Q9BZE1	ENSG00000116221.16
Q9BZE2	ENSG00000110060.10
Q9BZE4	ENSG00000107937.20
Q9BZE9	ENSG00000169696.17
Q9BZF3	ENSG00000079156.18
Q9BZF9	ENSG00000137831.16
Q9BZG1	ENSG00000109113.21
Q9BZH6	ENSG00000120008.16
Q9BZJ0	ENSG00000101343.16
Q9BZL4	ENSG00000125503.14
Q9BZL6	ENSG00000105287.14
Q9BZQ6	ENSG00000116406.21
Q9BZQ8	ENSG00000135842.18
Q9BZR9	ENSG00000171206.18
Q9BZV1	ENSG00000167671.13
Q9BZX2	ENSG00000143179.17
Q9BZZ2	ENSG00000088827.15
Q9BZZ5	ENSG00000166181.14
Q9C000	ENSG00000091592.17
Q9C005	ENSG00000162961.15
Q9C026	ENSG00000100505.15
Q9C035	ENSG00000132256.21
Q9C037	ENSG00000146833.17
Q9C073	ENSG00000121104.8
Q9C0A6	ENSG00000168137.21
Q9C0B0	ENSG00000132478.11
Q9C0B1	ENSG00000140718.23
Q9C0B7	ENSG00000103047.9
Q9C0B9	ENSG00000141664.11
Q9C0C2	ENSG00000149115.15
Q9C0C7	ENSG00000110497.16
Q9C0C9	ENSG00000175931.14
Q9C0D0	ENSG00000112137.19
Q9C0D2	ENSG00000166004.15
Q9C0D3	ENSG00000162378.14
Q9C0D5	ENSG00000115183.16
Q9C0D9	ENSG00000138018.19
Q9C0E2	ENSG00000132953.19
Q9C0F1	ENSG00000164118.14
Q9C0G0	ENSG00000215421.11
Q9C0H6	ENSG00000102271.15
Q9C0I1	ENSG00000150712.12
Q9C0J9	ENSG00000123095.7
Q9C0K1	ENSG00000138821.15
Q9GZL7	ENSG00000138442.12
Q9GZM5	ENSG00000137207.13
Q9GZN7	ENSG00000067836.14
Q9GZQ3	ENSG00000170619.11
Q9GZR1	ENSG00000112701.19
Q9GZR7	ENSG00000273761.5
Q9GZR7	ENSG00000089737.20
Q9GZS1	ENSG00000137054.17
Q9GZS3	ENSG00000140395.10
Q9GZT3	ENSG00000119705.11
Q9GZT4	ENSG00000167720.14
Q9GZY4	ENSG00000106603.21
Q9GZY6	ENSG00000086730.18
Q9GZZ1	ENSG00000121579.15
Q9GZZ9	ENSG00000081307.16
Q9H000	ENSG00000075975.18
Q9H040	ENSG00000010072.17
Q9H074	ENSG00000172239.15
Q9H078	ENSG00000162129.16
Q9H079	ENSG00000134152.12
Q9H089	ENSG00000041802.12
Q9H093	ENSG00000163545.11
Q9H0A0	ENSG00000135372.11
Q9H0A8	ENSG00000140365.17
Q9H0A9	ENSG00000160284.16
Q9H0A9	ENSG00000274679.4
Q9H0C5	ENSG00000064726.11
Q9H0D6	ENSG00000088930.9
Q9H0E3	ENSG00000136715.20
Q9H0E9	ENSG00000112983.18
Q9H0H0	ENSG00000108506.15
Q9H0H3	ENSG00000183655.14
Q9H0H5	ENSG00000161800.14
Q9H0J9	ENSG00000059378.14
Q9H0K1	ENSG00000170145.6
Q9H0K6	ENSG00000129317.16
Q9H0L4	ENSG00000177613.9
Q9H0M0	ENSG00000123124.15
Q9H0P0	ENSG00000122643.25
Q9H0Q0	ENSG00000197872.12
Q9H0R3	ENSG00000186501.16
Q9H0R5	ENSG00000117226.14
Q9H0S4	ENSG00000213782.8
Q9H0U3	ENSG00000102158.23
Q9H0W8	ENSG00000105771.15
Q9H0W9	ENSG00000182919.16
Q9H0X4	ENSG00000167930.18
Q9H0X9	ENSG00000021762.21
Q9H0Z9	ENSG00000132819.17
Q9H147	ENSG00000101457.14
Q9H160	ENSG00000168556.7
Q9H173	ENSG00000120725.14
Q9H1A3	ENSG00000197006.16
Q9H1A4	ENSG00000153107.14
Q9H1B5	ENSG00000015532.11
Q9H1B7	ENSG00000119669.5
Q9H1C4	ENSG00000110057.10
Q9H1D9	ENSG00000132664.14
Q9H1H9	ENSG00000137177.20
Q9H1N7	ENSG00000124786.14
Q9H1P3	ENSG00000130703.18
Q9H1Y0	ENSG00000057663.17
Q9H211	ENSG00000167513.10
Q9H223	ENSG00000103966.12
Q9H237	ENSG00000102312.25
Q9H267	ENSG00000184056.16
Q9H269	ENSG00000215305.11
Q9H270	ENSG00000160695.17
Q9H270	ENSG00000280616.4
Q9H299	ENSG00000142669.16
Q9H2C2	ENSG00000173409.15
Q9H2D1	ENSG00000164933.13
Q9H2D6	ENSG00000100106.22
Q9H2G4	ENSG00000184205.15
Q9H2G9	ENSG00000117475.15
Q9H2H8	ENSG00000240344.11
Q9H2H9	ENSG00000111371.17
Q9H2J4	ENSG00000115539.16
Q9H2K2	ENSG00000107854.7
Q9H2K8	ENSG00000135090.15
Q9H2M9	ENSG00000118873.18
Q9H2P0	ENSG00000101126.19
Q9H2S1	ENSG00000080709.17
Q9H2U1	ENSG00000174953.15
Q9H2X6	ENSG00000064393.17
Q9H2X8	ENSG00000119632.5
Q9H2X8	ENSG00000276879.2
Q9H2Y7	ENSG00000103994.18
Q9H307	ENSG00000100941.10
Q9H3C7	ENSG00000278311.6
Q9H3C7	ENSG00000275099.2
Q9H3E2	ENSG00000109762.18
Q9H3H1	ENSG00000043514.17
Q9H3H5	ENSG00000172269.21
Q9H3K2	ENSG00000165678.23
Q9H3M7	ENSG00000265972.7
Q9H3P7	ENSG00000182827.10
Q9H3R0	ENSG00000107077.22
Q9H3R5	ENSG00000153044.11
Q9H3S7	ENSG00000076201.17
Q9H3U1	ENSG00000140553.19
Q9H400	ENSG00000203896.11
Q9H422	ENSG00000110422.13
Q9H425	ENSG00000119280.18
Q9H469	ENSG00000107872.15
Q9H477	ENSG00000171174.16
Q9H490	ENSG00000101464.12
Q9H496	ENSG00000169905.14
Q9H497	ENSG00000186283.15
Q9H4A3	ENSG00000060237.20
Q9H4A6	ENSG00000113384.15
Q9H4G0	ENSG00000088367.24
Q9H4H8	ENSG00000101447.15
Q9H4L4	ENSG00000161956.15
Q9H4L5	ENSG00000070882.14
Q9H4L7	ENSG00000163104.19
Q9H553	ENSG00000119523.11
Q9H568	ENSG00000117148.9
Q9H582	ENSG00000122482.23
Q9H583	ENSG00000119285.12
Q9H5I5	ENSG00000154864.14
Q9H5J4	ENSG00000170522.11
Q9H5K3	ENSG00000185900.12
Q9H5Z1	ENSG00000101452.16
Q9H672	ENSG00000183475.14
Q9H6A9	ENSG00000197136.6
Q9H6E4	ENSG00000100147.16
Q9H6K1	ENSG00000196821.11
Q9H6L2	ENSG00000205084.13
Q9H6Q4	ENSG00000103245.15
Q9H6R0	ENSG00000005100.13
Q9H6R4	ENSG00000165271.18
Q9H6R7	ENSG00000163026.12
Q9H6S0	ENSG00000047188.17
Q9H6T3	ENSG00000005175.11
Q9H6U6	ENSG00000141376.24
Q9H6U8	ENSG00000086848.16
Q9H6V9	ENSG00000118961.16
Q9H714	ENSG00000102445.21
Q9H792	ENSG00000173517.12
Q9H799	ENSG00000197603.17
Q9H7B2	ENSG00000197498.14
Q9H7B4	ENSG00000185420.19
Q9H7D7	ENSG00000162923.18
Q9H7F0	ENSG00000133657.18
Q9H7N4	ENSG00000126461.16
Q9H7P9	ENSG00000090924.16
Q9H7S9	ENSG00000183779.7
Q9H7X0	ENSG00000122390.20
Q9H814	ENSG00000164902.15
Q9H869	ENSG00000163374.22
Q9H8E8	ENSG00000149474.15
Q9H8H0	ENSG00000130935.11
Q9H8H2	ENSG00000125485.19
Q9H8K7	ENSG00000119965.13
Q9H8M1	ENSG00000115520.10
Q9H8M2	ENSG00000028310.19
Q9H8T0	ENSG00000166971.18
Q9H8V3	ENSG00000114346.15
Q9H8X2	ENSG00000127080.11
Q9H8Y5	ENSG00000163516.15
Q9H8Y8	ENSG00000115806.14
Q9H900	ENSG00000174442.13
Q9H972	ENSG00000100802.16
Q9H977	ENSG00000005448.18
Q9H981	ENSG00000113812.15
Q9H992	ENSG00000136536.16
Q9H9A5	ENSG00000182973.21
Q9H9A5	ENSG00000291502.1
Q9H9A6	ENSG00000066557.7
Q9H9A7	ENSG00000178966.18
Q9H9B1	ENSG00000181090.22
Q9H9B4	ENSG00000164466.14
Q9H9C1	ENSG00000151445.17
Q9H9E3	ENSG00000103051.22
Q9H9J2	ENSG00000135900.5
Q9H9L4	ENSG00000139620.14
Q9H9Q2	ENSG00000144524.19
Q9H9T3	ENSG00000134014.19
Q9H9Y2	ENSG00000117133.12
Q9H9Y4	ENSG00000142751.16
Q9H9Y6	ENSG00000125630.16
Q9HA82	ENSG00000090661.14
Q9HA92	ENSG00000136444.11
Q9HAH7	ENSG00000156860.16
Q9HAP2	ENSG00000175727.16
Q9HAP2	ENSG00000281178.4
Q9HAU8	ENSG00000142327.14
Q9HAV4	ENSG00000124571.19
Q9HAW4	ENSG00000092853.15
Q9HAY2	ENSG00000177383.5
Q9HB20	ENSG00000116095.12
Q9HB71	ENSG00000116161.19
Q9HB96	ENSG00000112039.7
Q9HBE1	ENSG00000100105.19
Q9HBE5	ENSG00000103522.18
Q9HBG6	ENSG00000163913.15
Q9HBH1	ENSG00000258429.2
Q9HBH9	ENSG00000099875.17
Q9HBI0	ENSG00000138964.19
Q9HBI1	ENSG00000188677.15
Q9HBI5	ENSG00000114405.12
Q9HBM6	ENSG00000187325.6
Q9HBR0	ENSG00000157637.14
Q9HBU6	ENSG00000139163.17
Q9HBW0	ENSG00000064547.15
Q9HBX9	ENSG00000171509.17
Q9HC07	ENSG00000134851.14
Q9HC16	ENSG00000239713.10
Q9HC24	ENSG00000155957.19
Q9HC35	ENSG00000143924.20
Q9HC36	ENSG00000171861.12
Q9HC52	ENSG00000141570.11
Q9HCC0	ENSG00000131844.18
Q9HCD6	ENSG00000170921.16
Q9HCE0	ENSG00000152223.17
Q9HCE1	ENSG00000155363.20
Q9HCE3	ENSG00000074657.15
Q9HCE7	ENSG00000198742.11
Q9HCE9	ENSG00000074855.11
Q9HCG8	ENSG00000163510.15
Q9HCI6	ENSG00000168116.16
Q9HCJ1	ENSG00000154122.15
Q9HCK1	ENSG00000204186.12
Q9HCK1	ENSG00000283649.5
Q9HCK8	ENSG00000100888.16
Q9HCL2	ENSG00000119927.15
Q9HCM1	ENSG00000174718.13
Q9HCN3	ENSG00000129925.12
Q9HCN4	ENSG00000198522.15
Q9HCS7	ENSG00000076924.13
Q9HD20	ENSG00000105726.18
Q9HD23	ENSG00000124532.16
Q9HD26	ENSG00000047932.15
Q9HD42	ENSG00000131165.17
Q9HD45	ENSG00000077147.17
Q9HD67	ENSG00000145555.15
Q9HDC9	ENSG00000101474.13
Q9NNW5	ENSG00000178252.20
Q9NNX1	ENSG00000143367.18
Q9NP58	ENSG00000115657.15
Q9NP61	ENSG00000242247.12
Q9NP77	ENSG00000160075.13
Q9NP92	ENSG00000112996.12
Q9NP97	ENSG00000125971.19
Q9NPA0	ENSG00000134153.11
Q9NPA3	ENSG00000165175.18
Q9NPA8	ENSG00000120533.13
Q9NPB8	ENSG00000125772.16
Q9NPC4	ENSG00000128274.18
Q9NPD7	ENSG00000124785.10
Q9NPD8	ENSG00000077152.13
Q9NPE6	ENSG00000061656.12
Q9NPF2	ENSG00000171310.11
Q9NPF4	ENSG00000092094.12
Q9NPF4	ENSG00000291794.1
Q9NPF5	ENSG00000178028.15
Q9NPH0	ENSG00000162836.13
Q9NPI6	ENSG00000272886.7
Q9NPI8	ENSG00000183161.6
Q9NPJ3	ENSG00000112304.12
Q9NPJ6	ENSG00000136146.16
Q9NPQ8	ENSG00000177963.16
Q9NPR9	ENSG00000125734.17
Q9NQ11	ENSG00000159363.19
Q9NQ55	ENSG00000130810.21
Q9NQ55	ENSG00000243207.6
Q9NQC3	ENSG00000115310.20
Q9NQC7	ENSG00000083799.19
Q9NQG5	ENSG00000101413.13
Q9NQG6	ENSG00000100335.16
Q9NQG7	ENSG00000100099.23
Q9NQL2	ENSG00000025039.16
Q9NQQ7	ENSG00000080189.16
Q9NQR1	ENSG00000183955.14
Q9NQS7	ENSG00000149503.15
Q9NQT4	ENSG00000077348.11
Q9NQT8	ENSG00000197892.13
Q9NQW6	ENSG00000011426.12
Q9NQX4	ENSG00000128833.14
Q9NQX7	ENSG00000135916.16
Q9NQZ2	ENSG00000132467.4
Q9NQZ5	ENSG00000084090.15
Q9NR09	ENSG00000115760.16
Q9NR11	ENSG00000089335.23
Q9NR28	ENSG00000184047.22
Q9NR30	ENSG00000165732.15
Q9NR48	ENSG00000116539.14
Q9NR56	ENSG00000152601.19
Q9NR71	ENSG00000188611.17
Q9NR81	ENSG00000163947.13
Q9NR82	ENSG00000185760.18
Q9NR96	ENSG00000239732.4
Q9NRG9	ENSG00000094914.15
Q9NRG9	ENSG00000291836.1
Q9NRJ4	ENSG00000130338.13
Q9NRK6	ENSG00000135776.6
Q9NRL2	ENSG00000198604.12
Q9NRL3	ENSG00000090372.15
Q9NRN9	ENSG00000138382.16
Q9NRP4	ENSG00000196636.8
Q9NRP7	ENSG00000163482.13
Q9NRR4	ENSG00000113360.18
Q9NRR5	ENSG00000160803.9
Q9NRR8	ENSG00000197622.14
Q9NRW4	ENSG00000112679.15
Q9NRW7	ENSG00000136631.17
Q9NRX1	ENSG00000115946.9
Q9NRX2	ENSG00000158042.10
Q9NRY4	ENSG00000160007.21
Q9NRY5	ENSG00000055147.20
Q9NRZ9	ENSG00000119969.17
Q9NS00	ENSG00000106392.12
Q9NS37	ENSG00000137504.16
Q9NS56	ENSG00000197579.9
Q9NS73	ENSG00000151332.21
Q9NS86	ENSG00000132434.11
Q9NS87	ENSG00000163808.18
Q9NS87	ENSG00000280610.3
Q9NS93	ENSG00000064115.12
Q9NSB8	ENSG00000103942.14
Q9NSD9	ENSG00000116120.12
Q9NSE2	ENSG00000114737.17
Q9NSE4	ENSG00000067704.11
Q9NSG2	ENSG00000000460.18
Q9NSI6	ENSG00000185658.15
Q9NSK0	ENSG00000137171.16
Q9NSP4	ENSG00000100162.17
Q9NSV4	ENSG00000139734.19
Q9NT62	ENSG00000144848.12
Q9NT68	ENSG00000145934.17
Q9NTI5	ENSG00000083642.20
Q9NTJ3	ENSG00000113810.17
Q9NTJ4	ENSG00000140400.19
Q9NTK5	ENSG00000138430.17
Q9NTM9	ENSG00000119929.14
Q9NTX5	ENSG00000093144.20
Q9NTZ6	ENSG00000244462.9
Q9NU22	ENSG00000112159.13
Q9NUA8	ENSG00000184677.19
Q9NUD7	ENSG00000196476.13
Q9NUD9	ENSG00000060642.13
Q9NUJ7	ENSG00000182378.16
Q9NUJ7	ENSG00000292344.2
Q9NUL3	ENSG00000040341.19
Q9NUP1	ENSG00000186222.5
Q9NUQ2	ENSG00000155189.13
Q9NUQ2	ENSG00000284980.2
Q9NUQ3	ENSG00000086712.14
Q9NUQ6	ENSG00000196141.15
Q9NUQ8	ENSG00000161204.13
Q9NUQ9	ENSG00000153310.23
Q9NUT2	ENSG00000197150.14
Q9NUU7	ENSG00000168872.18
Q9NUY8	ENSG00000036054.14
Q9NV06	ENSG00000164934.16
Q9NV31	ENSG00000177971.9
Q9NV58	ENSG00000034677.14
Q9NV64	ENSG00000176142.14
Q9NV70	ENSG00000090989.19
Q9NV96	ENSG00000112697.18
Q9NVA2	ENSG00000138758.13
Q9NVC6	ENSG00000042429.13
Q9NVD7	ENSG00000197702.15
Q9NVE7	ENSG00000157881.17
Q9NVE7	ENSG00000273494.3
Q9NVF7	ENSG00000143756.12
Q9NVG8	ENSG00000107021.18
Q9NVH0	ENSG00000081177.20
Q9NVH1	ENSG00000007923.18
Q9NVH2	ENSG00000143493.14
Q9NVI1	ENSG00000140525.21
Q9NVK5	ENSG00000111790.15
Q9NVM4	ENSG00000132600.19
Q9NVM9	ENSG00000064102.16
Q9NVN8	ENSG00000130119.18
Q9NVP1	ENSG00000088205.14
Q9NVR0	ENSG00000178502.6
Q9NVR2	ENSG00000104613.13
Q9NVU0	ENSG00000058600.17
Q9NVU0	ENSG00000284282.3
Q9NVU7	ENSG00000198301.13
Q9NVW2	ENSG00000131263.14
Q9NVX2	ENSG00000073536.19
Q9NVX7	ENSG00000123444.15
Q9NVX7	ENSG00000284900.2
Q9NW08	ENSG00000013503.11
Q9NW13	ENSG00000106344.9
Q9NW15	ENSG00000160746.14
Q9NW64	ENSG00000086589.13
Q9NW82	ENSG00000082068.10
Q9NWB7	ENSG00000114446.6
Q9NWF9	ENSG00000011275.19
Q9NWK9	ENSG00000117174.12
Q9NWN3	ENSG00000178974.12
Q9NWQ4	ENSG00000089916.19
Q9NWQ9	ENSG00000179933.7
Q9NWR8	ENSG00000005059.17
Q9NWS1	ENSG00000185480.13
Q9NWS6	ENSG00000100376.13
Q9NWT6	ENSG00000166135.15
Q9NWV4	ENSG00000162384.15
Q9NWY4	ENSG00000056050.8
Q9NWZ5	ENSG00000198276.17
Q9NWZ8	ENSG00000046647.16
Q9NX02	ENSG00000022556.17
Q9NX02	ENSG00000275843.4
Q9NX02	ENSG00000275082.4
Q9NX02	ENSG00000275399.4
Q9NX02	ENSG00000278682.4
Q9NX02	ENSG00000273992.4
Q9NX02	ENSG00000274638.4
Q9NX02	ENSG00000278789.4
Q9NX02	ENSG00000275796.4
Q9NX04	ENSG00000116922.16
Q9NX05	ENSG00000184083.12
Q9NX20	ENSG00000166902.6
Q9NX40	ENSG00000109180.16
Q9NX61	ENSG00000064545.16
Q9NX74	ENSG00000167264.19
Q9NXC5	ENSG00000164654.17
Q9NXE4	ENSG00000136699.21
Q9NXE4	ENSG00000292130.1
Q9NXF1	ENSG00000136891.15
Q9NXH8	ENSG00000198113.4
Q9NXH9	ENSG00000104907.14
Q9NXN4	ENSG00000196505.12
Q9NXR1	ENSG00000072864.17
Q9NXR1	ENSG00000275911.3
Q9NXR5	ENSG00000088448.15
Q9NXR7	ENSG00000158019.22
Q9NXV6	ENSG00000168564.7
Q9NXW2	ENSG00000148719.17
Q9NXX6	ENSG00000107672.16
Q9NY15	ENSG00000010327.11
Q9NY26	ENSG00000143570.20
Q9NY27	ENSG00000163605.16
Q9NY61	ENSG00000275700.7
Q9NY61	ENSG00000276072.2
Q9NY93	ENSG00000136271.12
Q9NY97	ENSG00000170340.12
Q9NYA4	ENSG00000108389.11
Q9NYB0	ENSG00000166848.8
Q9NYF5	ENSG00000031003.12
Q9NYF8	ENSG00000029363.18
Q9NYH9	ENSG00000108651.11
Q9NYK1	ENSG00000196664.5
Q9NYL4	ENSG00000134285.12
Q9NYL9	ENSG00000138594.15
Q9NYP3	ENSG00000159147.19
Q9NYP7	ENSG00000012660.15
Q9NYP9	ENSG00000159055.5
Q9NYQ6	ENSG00000075275.18
Q9NYT6	ENSG00000167380.18
Q9NYU1	ENSG00000102595.23
Q9NYU2	ENSG00000136731.14
Q9NYV4	ENSG00000167258.17
Q9NYV6	ENSG00000085721.14
Q9NYV6	ENSG00000278494.2
Q9NYY3	ENSG00000145632.16
Q9NYY8	ENSG00000118246.15
Q9NYZ3	ENSG00000075218.20
Q9NZ08	ENSG00000164307.14
Q9NZ32	ENSG00000131966.15
Q9NZ42	ENSG00000205155.9
Q9NZ43	ENSG00000053501.15
Q9NZ52	ENSG00000125447.19
Q9NZ71	ENSG00000258366.13
Q9NZB2	ENSG00000048828.19
Q9NZC3	ENSG00000006007.13
Q9NZC9	ENSG00000138375.15
Q9NZD8	ENSG00000090487.12
Q9NZI8	ENSG00000159217.11
Q9NZJ0	ENSG00000143476.19
Q9NZJ4	ENSG00000151835.17
Q9NZJ5	ENSG00000172071.15
Q9NZJ7	ENSG00000137409.22
Q9NZK5	ENSG00000093072.20
Q9NZL9	ENSG00000038274.19
Q9NZM3	ENSG00000198399.17
Q9NZM5	ENSG00000105373.20
Q9NZN4	ENSG00000024422.13
Q9NZN8	ENSG00000111596.15
Q9NZS9	ENSG00000103429.12
Q9NZS9	ENSG00000275618.2
Q9NZV5	ENSG00000162430.18
Q9P015	ENSG00000137547.10
Q9P016	ENSG00000151500.16
Q9P055	ENSG00000050130.19
Q9P0J0	ENSG00000186010.20
Q9P0K1	ENSG00000008277.16
Q9P0K7	ENSG00000039560.15
Q9P0L0	ENSG00000101558.15
Q9P0M6	ENSG00000099284.15
Q9P0R6	ENSG00000100744.16
Q9P0S3	ENSG00000128699.16
Q9P0T7	ENSG00000116857.18
Q9P0U3	ENSG00000079387.16
Q9P0V3	ENSG00000130147.17
Q9P0W2	ENSG00000064961.20
Q9P0Z9	ENSG00000179761.13
Q9P1F3	ENSG00000146386.9
Q9P1Q0	ENSG00000143952.21
Q9P1Y6	ENSG00000070047.14
Q9P1Y6	ENSG00000274780.2
Q9P1Z2	ENSG00000012822.17
Q9P203	ENSG00000011114.16
Q9P203	ENSG00000277222.4
Q9P209	ENSG00000112877.9
Q9P212	ENSG00000138193.18
Q9P215	ENSG00000143157.13
Q9P217	ENSG00000162415.8
Q9P219	ENSG00000015133.20
Q9P241	ENSG00000145246.15
Q9P246	ENSG00000109689.20
Q9P253	ENSG00000104142.12
Q9P260	ENSG00000134444.16
Q9P265	ENSG00000066084.14
Q9P273	ENSG00000218336.10
Q9P275	ENSG00000055483.21
Q9P289	ENSG00000134602.17
Q9P2A4	ENSG00000108798.10
Q9P2B7	ENSG00000164323.16
Q9P2D0	ENSG00000005700.16
Q9P2D0	ENSG00000283068.2
Q9P2D1	ENSG00000171316.15
Q9P2D3	ENSG00000008869.13
Q9P2E3	ENSG00000124201.15
Q9P2E5	ENSG00000033100.17
Q9P2E9	ENSG00000125844.18
Q9P2G1	ENSG00000001629.11
Q9P2G9	ENSG00000145332.15
Q9P2H5	ENSG00000118369.14
Q9P2I0	ENSG00000165934.14
Q9P2J3	ENSG00000198642.8
Q9P2J5	ENSG00000133706.21
Q9P2K2	ENSG00000087301.11
Q9P2K6	ENSG00000087448.12
Q9P2K8	ENSG00000128829.13
Q9P2L0	ENSG00000118965.17
Q9P2M4	ENSG00000132405.20
Q9P2N5	ENSG00000091009.9
Q9P2N7	ENSG00000003096.16
Q9P2P1	ENSG00000205978.7
Q9P2P5	ENSG00000138411.14
Q9P2Q2	ENSG00000151474.23
Q9P2R7	ENSG00000136143.17
Q9P2S5	ENSG00000116213.17
Q9P2X0	ENSG00000179085.9
Q9P2Y5	ENSG00000198382.10
Q9UBB4	ENSG00000130638.18
Q9UBB6	ENSG00000020129.17
Q9UBB9	ENSG00000100109.18
Q9UBC2	ENSG00000127527.16
Q9UBD5	ENSG00000135336.18
Q9UBE0	ENSG00000142230.14
Q9UBE8	ENSG00000087095.14
Q9UBF1	ENSG00000046774.10
Q9UBF2	ENSG00000158623.14
Q9UBF8	ENSG00000143393.18
Q9UBG0	ENSG00000011028.14
Q9UBH6	ENSG00000143324.15
Q9UBI1	ENSG00000148444.17
Q9UBI4	ENSG00000067221.15
Q9UBK9	ENSG00000126756.13
Q9UBL3	ENSG00000129691.17
Q9UBM7	ENSG00000172893.19
Q9UBN7	ENSG00000094631.23
Q9UBP0	ENSG00000021574.16
Q9UBQ0	ENSG00000111237.19
Q9UBQ5	ENSG00000178982.11
Q9UBQ5	ENSG00000282986.2
Q9UBQ6	ENSG00000162694.15
Q9UBQ7	ENSG00000137106.19
Q9UBR2	ENSG00000101160.16
Q9UBS4	ENSG00000090520.13
Q9UBT2	ENSG00000126261.13
Q9UBT6	ENSG00000122008.17
Q9UBT7	ENSG00000119326.16
Q9UBU7	ENSG00000006634.9
Q9UBU8	ENSG00000185787.17
Q9UBV2	ENSG00000071537.15
Q9UBW7	ENSG00000121741.18
Q9UBZ4	ENSG00000169188.6
Q9UBZ9	ENSG00000135945.11
Q9UDT6	ENSG00000106665.17
Q9UDV7	ENSG00000170265.13
Q9UDY2	ENSG00000119139.22
Q9UDY8	ENSG00000172175.17
Q9UEE5	ENSG00000164543.8
Q9UEF7	ENSG00000133116.8
Q9UET6	ENSG00000068438.16
Q9UEY8	ENSG00000148700.16
Q9UFC0	ENSG00000161036.14
Q9UFF9	ENSG00000155508.15
Q9UFH2	ENSG00000187775.17
Q9UG01	ENSG00000138002.17
Q9UG56	ENSG00000241878.13
Q9UG63	ENSG00000285292.1
Q9UG63	ENSG00000033050.10
Q9UGH3	ENSG00000089057.16
Q9UGI8	ENSG00000135269.19
Q9UGJ0	ENSG00000106617.17
Q9UGJ1	ENSG00000137822.14
Q9UGL1	ENSG00000117139.19
Q9UGP5	ENSG00000166169.18
Q9UGP8	ENSG00000025796.15
Q9UGQ3	ENSG00000160326.15
Q9UGQ3	ENSG00000281165.3
Q9UGU5	ENSG00000100281.15
Q9UGV2	ENSG00000101079.22
Q9UH65	ENSG00000133789.16
Q9UH92	ENSG00000108788.13
Q9UH99	ENSG00000100242.17
Q9UHB6	ENSG00000050405.15
Q9UHB7	ENSG00000072364.14
Q9UHB9	ENSG00000167881.16
Q9UHC7	ENSG00000133606.12
Q9UHD1	ENSG00000110172.13
Q9UHD1	ENSG00000285023.2
Q9UHD2	ENSG00000183735.12
Q9UHD8	ENSG00000184640.21
Q9UHD9	ENSG00000188021.9
Q9UHG3	ENSG00000116005.13
Q9UHH9	ENSG00000068745.16
Q9UHI6	ENSG00000064703.14
Q9UHI7	ENSG00000170482.18
Q9UHK0	ENSG00000083635.8
Q9UHK6	ENSG00000242110.10
Q9UHL9	ENSG00000006704.12
Q9UHP7	ENSG00000069493.15
Q9UHR5	ENSG00000161526.16
Q9UHV7	ENSG00000108510.11
Q9UHV9	ENSG00000143256.6
Q9UHW5	ENSG00000111231.10
Q9UHW9	ENSG00000140199.13
Q9UHX1	ENSG00000179950.16
Q9UHY1	ENSG00000115216.15
Q9UI08	ENSG00000196405.14
Q9UI10	ENSG00000115211.18
Q9UI12	ENSG00000047249.19
Q9UI14	ENSG00000105404.12
Q9UI26	ENSG00000086200.18
Q9UI30	ENSG00000173113.9
Q9UI95	ENSG00000116670.18
Q9UIA9	ENSG00000130227.18
Q9UIC8	ENSG00000205629.13
Q9UID3	ENSG00000149823.11
Q9UIF7	ENSG00000132781.23
Q9UIF8	ENSG00000123636.21
Q9UIF9	ENSG00000076108.13
Q9UIG0	ENSG00000009954.11
Q9UII2	ENSG00000130770.19
Q9UII2	ENSG00000285390.2
Q9UII4	ENSG00000138646.10
Q9UII5	ENSG00000196247.14
Q9UIK4	ENSG00000035664.12
Q9UIL1	ENSG00000153130.19
Q9UIQ6	ENSG00000113441.17
Q9UIW2	ENSG00000114554.12
Q9UJ14	ENSG00000131067.18
Q9UJ41	ENSG00000154710.19
Q9UJA2	ENSG00000088766.13
Q9UJA3	ENSG00000125885.14
Q9UJA5	ENSG00000089195.16
Q9UJF2	ENSG00000075391.19
Q9UJM3	ENSG00000116285.14
Q9UJP4	ENSG00000162413.17
Q9UJT0	ENSG00000074935.15
Q9UJV9	ENSG00000183258.13
Q9UJX2	ENSG00000094880.12
Q9UJX3	ENSG00000196510.15
Q9UJX4	ENSG00000089053.14
Q9UJX5	ENSG00000053900.12
Q9UJX6	ENSG00000176248.10
Q9UJY4	ENSG00000103365.17
Q9UJY5	ENSG00000100083.21
Q9UJZ1	ENSG00000165283.17
Q9UK45	ENSG00000130332.16
Q9UK58	ENSG00000163660.13
Q9UK61	ENSG00000163946.15
Q9UK73	ENSG00000169018.6
Q9UK76	ENSG00000189159.17
Q9UK97	ENSG00000112146.17
Q9UKA1	ENSG00000118564.16
Q9UKA4	ENSG00000023516.10
Q9UKA9	ENSG00000117569.21
Q9UKD1	ENSG00000101216.12
Q9UKD2	ENSG00000053372.6
Q9UKF6	ENSG00000119203.15
Q9UKG1	ENSG00000157500.13
Q9UKG9	ENSG00000005469.13
Q9UKI2	ENSG00000163171.9
Q9UKI8	ENSG00000198586.15
Q9UKJ3	ENSG00000186566.14
Q9UKK3	ENSG00000102699.7
Q9UKK9	ENSG00000165609.15
Q9UKL3	ENSG00000288475.5
Q9UKN5	ENSG00000110851.13
Q9UKN8	ENSG00000125484.13
Q9UKT5	ENSG00000151876.14
Q9UKT7	ENSG00000005812.12
Q9UKV0	ENSG00000048052.26
Q9UKV3	ENSG00000100813.16
Q9UKV5	ENSG00000159461.16
Q9UKX5	ENSG00000137809.18
Q9UKX7	ENSG00000093000.20
Q9UKY1	ENSG00000165156.16
Q9UKZ1	ENSG00000158435.9
Q9UL01	ENSG00000111817.20
Q9UL03	ENSG00000102786.16
Q9UL17	ENSG00000073861.4
Q9UL45	ENSG00000104164.12
Q9UL54	ENSG00000149930.19
Q9UL63	ENSG00000128585.19
Q9ULC4	ENSG00000232119.9
Q9ULC5	ENSG00000197142.12
Q9ULD5	ENSG00000196453.9
Q9ULG6	ENSG00000260916.9
Q9ULH0	ENSG00000134313.18
Q9ULH1	ENSG00000153317.16
Q9ULH7	ENSG00000186260.18
Q9ULI0	ENSG00000119778.16
Q9ULI3	ENSG00000173706.15
Q9ULJ1	ENSG00000122417.17
Q9ULJ3	ENSG00000173276.15
Q9ULJ6	ENSG00000108175.20
Q9ULJ8	ENSG00000158528.13
Q9ULK4	ENSG00000112282.19
Q9ULL1	ENSG00000120278.18
Q9ULL5	ENSG00000126464.15
Q9ULM3	ENSG00000163872.17
Q9ULM6	ENSG00000113300.14
Q9ULP9	ENSG00000162065.16
Q9ULQ1	ENSG00000186815.14
Q9ULT0	ENSG00000068724.19
Q9ULT8	ENSG00000092148.15
Q9ULU4	ENSG00000101040.21
Q9ULV0	ENSG00000167306.22
Q9ULV3	ENSG00000148337.23
Q9ULV4	ENSG00000110880.12
Q9ULW0	ENSG00000088325.17
Q9ULX3	ENSG00000141101.14
Q9ULX6	ENSG00000011243.20
Q9UM11	ENSG00000105325.16
Q9UM54	ENSG00000196586.18
Q9UM82	ENSG00000158480.12
Q9UMS4	ENSG00000110107.10
Q9UMS5	ENSG00000116793.17
Q9UMS6	ENSG00000172403.11
Q9UMW8	ENSG00000184979.13
Q9UMX0	ENSG00000135018.15
Q9UMX1	ENSG00000107882.13
Q9UMX5	ENSG00000117691.11
Q9UMZ2	ENSG00000274047.4
Q9UMZ2	ENSG00000275066.6
Q9UN19	ENSG00000070190.14
Q9UN37	ENSG00000132612.18
Q9UN70	ENSG00000240184.7
Q9UN86	ENSG00000138757.16
Q9UNF0	ENSG00000100266.20
Q9UNF1	ENSG00000102316.18
Q9UNL2	ENSG00000114850.8
Q9UNM6	ENSG00000185627.20
Q9UNN5	ENSG00000185104.22
Q9UNQ2	ENSG00000086189.12
Q9UNS1	ENSG00000111602.13
Q9UNT1	ENSG00000079974.20
Q9UNX4	ENSG00000065183.17
Q9UNY4	ENSG00000116830.13
Q9UNZ2	ENSG00000088833.19
Q9UP52	ENSG00000106327.14
Q9UP83	ENSG00000164597.16
Q9UP95	ENSG00000124067.18
Q9UPM8	ENSG00000081014.12
Q9UPN3	ENSG00000127603.32
Q9UPN6	ENSG00000213079.11
Q9UPN7	ENSG00000105063.20
Q9UPN9	ENSG00000197323.13
Q9UPP1	ENSG00000172943.22
Q9UPQ4	ENSG00000104228.14
Q9UPQ9	ENSG00000100354.23
Q9UPR0	ENSG00000154822.19
Q9UPR0	ENSG00000284017.2
Q9UPT5	ENSG00000182473.23
Q9UPT9	ENSG00000124422.13
Q9UPU5	ENSG00000162402.16
Q9UPU7	ENSG00000167202.13
Q9UPV0	ENSG00000110274.17
Q9UPW0	ENSG00000198815.10
Q9UPW5	ENSG00000135049.17
Q9UPW6	ENSG00000119042.19
Q9UPY3	ENSG00000100697.18
Q9UPY5	ENSG00000151012.13
Q9UPY6	ENSG00000132970.15
Q9UPZ3	ENSG00000110756.19
Q9UPZ3	ENSG00000288445.2
Q9UQ05	ENSG00000089558.9
Q9UQ13	ENSG00000108061.14
Q9UQ35	ENSG00000167978.19
Q9UQ53	ENSG00000161013.18
Q9UQ53	ENSG00000284501.2
Q9UQ80	ENSG00000170515.15
Q9UQ84	ENSG00000174371.18
Q9UQ88	ENSG00000008128.24
Q9UQE7	ENSG00000108055.12
Q9UQL6	ENSG00000108840.18
Q9UQR1	ENSG00000163848.22
Q9UQV4	ENSG00000078081.9
Q9Y217	ENSG00000139505.14
Q9Y221	ENSG00000132603.16
Q9Y228	ENSG00000009790.16
Q9Y230	ENSG00000183207.16
Q9Y234	ENSG00000144182.18
Q9Y236	ENSG00000164823.12
Q9Y240	ENSG00000105472.15
Q9Y244	ENSG00000132963.10
Q9Y255	ENSG00000169230.11
Q9Y257	ENSG00000099337.6
Q9Y262	ENSG00000100129.18
Q9Y263	ENSG00000137055.16
Q9Y265	ENSG00000175792.13
Q9Y266	ENSG00000090273.15
Q9Y276	ENSG00000074582.16
Q9Y282	ENSG00000125991.22
Q9Y283	ENSG00000119509.14
Q9Y285	ENSG00000179115.12
Q9Y291	ENSG00000090263.17
Q9Y296	ENSG00000196655.13
Q9Y296	ENSG00000280495.5
Q9Y2A7	ENSG00000061676.17
Q9Y2C9	ENSG00000174130.14
Q9Y2D2	ENSG00000117620.16
Q9Y2D4	ENSG00000144036.17
Q9Y2D5	ENSG00000157654.20
Q9Y2D8	ENSG00000117155.18
Q9Y2E5	ENSG00000013288.10
Q9Y2E8	ENSG00000197818.13
Q9Y2F5	ENSG00000164151.12
Q9Y2G2	ENSG00000105483.19
Q9Y2G3	ENSG00000058063.18
Q9Y2G5	ENSG00000186866.18
Q9Y2G8	ENSG00000116138.14
Q9Y2H1	ENSG00000211455.9
Q9Y2H2	ENSG00000198825.16
Q9Y2H6	ENSG00000102531.17
Q9Y2I1	ENSG00000010322.17
Q9Y2I6	ENSG00000101004.17
Q9Y2I7	ENSG00000115020.18
Q9Y2J4	ENSG00000114019.16
Q9Y2K2	ENSG00000160584.18
Q9Y2K7	ENSG00000173120.16
Q9Y2L1	ENSG00000083520.16
Q9Y2L5	ENSG00000153339.16
Q9Y2M5	ENSG00000076321.12
Q9Y2P8	ENSG00000120158.12
Q9Y2Q0	ENSG00000124406.18
Q9Y2Q5	ENSG00000116586.13
Q9Y2R0	ENSG00000183978.8
Q9Y2R2	ENSG00000134242.17
Q9Y2R4	ENSG00000277594.2
Q9Y2R4	ENSG00000278053.6
Q9Y2R5	ENSG00000239789.7
Q9Y2S2	ENSG00000165475.16
Q9Y2S7	ENSG00000004142.13
Q9Y2T2	ENSG00000185009.14
Q9Y2T6	ENSG00000135898.11
Q9Y2U8	ENSG00000174106.4
Q9Y2V0	ENSG00000186073.15
Q9Y2V7	ENSG00000133103.19
Q9Y2W1	ENSG00000054118.16
Q9Y2X0	ENSG00000175221.17
Q9Y2X3	ENSG00000055044.12
Q9Y2X9	ENSG00000162702.9
Q9Y2Z2	ENSG00000135297.18
Q9Y2Z4	ENSG00000139131.14
Q9Y305	ENSG00000123130.18
Q9Y312	ENSG00000131043.14
Q9Y314	ENSG00000142546.15
Q9Y315	ENSG00000023697.14
Q9Y320	ENSG00000213593.12
Q9Y333	ENSG00000204392.12
Q9Y333	ENSG00000172850.11
Q9Y333	ENSG00000231502.6
Q9Y333	ENSG00000224979.6
Q9Y333	ENSG00000225998.6
Q9Y333	ENSG00000236826.7
Q9Y376	ENSG00000135932.13
Q9Y383	ENSG00000146963.19
Q9Y385	ENSG00000198833.8
Q9Y394	ENSG00000100612.15
Q9Y3A2	ENSG00000183520.13
Q9Y3B2	ENSG00000171311.14
Q9Y3B6	ENSG00000100908.15
Q9Y3B6	ENSG00000285377.2
Q9Y3B7	ENSG00000174547.14
Q9Y3C0	ENSG00000120860.12
Q9Y3C1	ENSG00000048162.23
Q9Y3C4	ENSG00000144034.17
Q9Y3C4	ENSG00000291480.1
Q9Y3D0	ENSG00000166595.12
Q9Y3D6	ENSG00000214253.10
Q9Y3E7	ENSG00000115561.17
Q9Y3E7	ENSG00000249884.8
Q9Y3I0	ENSG00000100220.13
Q9Y3I1	ENSG00000100225.19
Q9Y3L3	ENSG00000100092.25
Q9Y3M8	ENSG00000133121.22
Q9Y3P9	ENSG00000011454.19
Q9Y3Q3	ENSG00000166557.15
Q9Y3R0	ENSG00000155974.15
Q9Y3R5	ENSG00000142197.14
Q9Y3S1	ENSG00000165238.18
Q9Y3T9	ENSG00000188976.12
Q9Y3U8	ENSG00000130255.14
Q9Y3X0	ENSG00000105321.15
Q9Y3Z3	ENSG00000101347.12
Q9Y421	ENSG00000105058.13
Q9Y448	ENSG00000128944.14
Q9Y450	ENSG00000112339.16
Q9Y483	ENSG00000143033.19
Q9Y485	ENSG00000172869.16
Q9Y487	ENSG00000185344.16
Q9Y490	ENSG00000137076.23
Q9Y4A5	ENSG00000196367.15
Q9Y4A8	ENSG00000050344.10
Q9Y4B6	ENSG00000145041.18
Q9Y4C1	ENSG00000115548.18
Q9Y4C2	ENSG00000198420.11
Q9Y4C8	ENSG00000122965.12
Q9Y4E5	ENSG00000112200.18
Q9Y4E6	ENSG00000091157.15
Q9Y4E8	ENSG00000135655.17
Q9Y4F4	ENSG00000198718.14
Q9Y4F9	ENSG00000111913.21
Q9Y4G2	ENSG00000225190.13
Q9Y4G2	ENSG00000277111.3
Q9Y4G2	ENSG00000276358.2
Q9Y4G6	ENSG00000171914.18
Q9Y4I1	ENSG00000197535.16
Q9Y4K1	ENSG00000112297.18
Q9Y4K4	ENSG00000012983.13
Q9Y4L1	ENSG00000149428.22
Q9Y4L1	ENSG00000280682.3
Q9Y4P1	ENSG00000168397.18
Q9Y4P3	ENSG00000106638.19
Q9Y4R8	ENSG00000100726.16
Q9Y4W2	ENSG00000001497.19
Q9Y4W6	ENSG00000141385.13
Q9Y4X5	ENSG00000166233.16
Q9Y512	ENSG00000100347.16
Q9Y520	ENSG00000117523.18
Q9Y546	ENSG00000116212.17
Q9Y547	ENSG00000081870.13
Q9Y548	ENSG00000058799.16
Q9Y573	ENSG00000197429.12
Q9Y575	ENSG00000115239.25
Q9Y597	ENSG00000136636.14
Q9Y5A7	ENSG00000013374.18
Q9Y5A9	ENSG00000198492.17
Q9Y5B0	ENSG00000060069.19
Q9Y5B9	ENSG00000092201.11
Q9Y5E7	ENSG00000112852.7
Q9Y5E7	ENSG00000291672.1
Q9Y5J1	ENSG00000011260.15
Q9Y5K5	ENSG00000116750.15
Q9Y5K6	ENSG00000198087.8
Q9Y5K8	ENSG00000100554.12
Q9Y5L0	ENSG00000064419.15
Q9Y5Q3	ENSG00000204103.4
Q9Y5Q8	ENSG00000148308.19
Q9Y5Q9	ENSG00000119041.12
Q9Y5R8	ENSG00000170043.13
Q9Y5S1	ENSG00000187688.15
Q9Y5S2	ENSG00000198752.12
Q9Y5T5	ENSG00000156256.16
Q9Y5T5	ENSG00000291527.1
Q9Y5U9	ENSG00000134049.7
Q9Y5U9	ENSG00000267228.7
Q9Y5V3	ENSG00000179222.19
Q9Y5W7	ENSG00000135317.15
Q9Y5W8	ENSG00000071189.22
Q9Y5W9	ENSG00000002919.16
Q9Y5X0	ENSG00000086300.18
Q9Y5X1	ENSG00000130340.18
Q9Y5X2	ENSG00000106266.12
Q9Y5Y0	ENSG00000162769.14
Q9Y5Y2	ENSG00000095906.18
Q9Y5Y5	ENSG00000121680.17
Q9Y5Z0	ENSG00000182240.17
Q9Y5Z9	ENSG00000120942.14
Q9Y603	ENSG00000010030.14
Q9Y608	ENSG00000093167.19
Q9Y613	ENSG00000135723.15
Q9Y616	ENSG00000090376.12
Q9Y617	ENSG00000135069.15
Q9Y618	ENSG00000196498.16
Q9Y620	ENSG00000197275.15
Q9Y639	ENSG00000156642.18
Q9Y653	ENSG00000205336.15
Q9Y673	ENSG00000120697.11
Q9Y675	ENSG00000273173.6
Q9Y675	ENSG00000214265.11
Q9Y676	ENSG00000204568.13
Q9Y676	ENSG00000203624.10
Q9Y676	ENSG00000223775.8
Q9Y676	ENSG00000229861.8
Q9Y676	ENSG00000233813.8
Q9Y676	ENSG00000226111.8
Q9Y676	ENSG00000227420.8
Q9Y678	ENSG00000181789.15
Q9Y679	ENSG00000115307.18
Q9Y696	ENSG00000169504.16
Q9Y6A1	ENSG00000130714.20
Q9Y6A5	ENSG00000013810.22
Q9Y6B6	ENSG00000152700.15
Q9Y6B7	ENSG00000134262.16
Q9Y6C9	ENSG00000109919.11
Q9Y6C9	ENSG00000285121.2
Q9Y6D5	ENSG00000124198.11
Q9Y6D6	ENSG00000066777.10
Q9Y6D9	ENSG00000002822.17
Q9Y6E2	ENSG00000136261.17
Q9Y6I4	ENSG00000140455.18
Q9Y6I7	ENSG00000109046.16
Q9Y6I8	ENSG00000101417.13
Q9Y6J0	ENSG00000099991.19
Q9Y6J8	ENSG00000127952.18
Q9Y6J9	ENSG00000162227.9
Q9Y6K9	ENSG00000269335.8
Q9Y6M1	ENSG00000073792.17
Q9Y6M7	ENSG00000033867.19
Q9Y6N5	ENSG00000137767.15
Q9Y6N7	ENSG00000169855.21
Q9Y6Q1	ENSG00000077274.10
Q9Y6Q5	ENSG00000129354.13
Q9Y6Q9	ENSG00000124151.20
Q9Y6R0	ENSG00000105245.10
Q9Y6R4	ENSG00000085511.21
Q9Y6V7	ENSG00000105671.13
Q9Y6W5	ENSG00000158195.12
Q9Y6W6	ENSG00000143507.19
Q9Y6X2	ENSG00000131788.17
Q9Y6X3	ENSG00000129933.22
Q9Y6X9	ENSG00000133422.15
Q9Y6Y0	ENSG00000116679.18
Q9Y6Y8	ENSG00000107651.16
